[2026-05-22 17:50:43] local.ERROR: The C:\xampp\htdocs\agendan8n\sistema-autonomo-comercial\bootstrap\cache directory must be present and writable. {"exception":"[object] (Exception(code: 0): The C:\\xampp\\htdocs\\agendan8n\\sistema-autonomo-comercial\\bootstrap\\cache directory must be present and writable. at C:/xampp/htdocs/agendan8n/sistema-autonomo-comercial/vendor/laravel/framework/src/Illuminate/Foundation/PackageManifest.php:179)
[stacktrace]
#0 C:/xampp/htdocs/agendan8n/sistema-autonomo-comercial/vendor/laravel/framework/src/Illuminate/Foundation/PackageManifest.php(132): Illuminate/Foundation/PackageManifest->write(Array)
#1 C:/xampp/htdocs/agendan8n/sistema-autonomo-comercial/vendor/laravel/framework/src/Illuminate/Foundation/PackageManifest.php(108): Illuminate/Foundation/PackageManifest->build()
#2 C:/xampp/htdocs/agendan8n/sistema-autonomo-comercial/vendor/laravel/framework/src/Illuminate/Foundation/PackageManifest.php(90): Illuminate/Foundation/PackageManifest->getManifest()
#3 C:/xampp/htdocs/agendan8n/sistema-autonomo-comercial/vendor/laravel/framework/src/Illuminate/Foundation/PackageManifest.php(79): Illuminate/Foundation/PackageManifest->config('aliases')
#4 C:/xampp/htdocs/agendan8n/sistema-autonomo-comercial/vendor/laravel/framework/src/Illuminate/Foundation/Bootstrap/RegisterFacades.php(26): Illuminate/Foundation/PackageManifest->aliases()
#5 C:/xampp/htdocs/agendan8n/sistema-autonomo-comercial/vendor/laravel/framework/src/Illuminate/Foundation/Application.php(342): Illuminate/Foundation/Bootstrap/RegisterFacades->bootstrap(Object(Illuminate/Foundation/Application))
#6 C:/xampp/htdocs/agendan8n/sistema-autonomo-comercial/vendor/laravel/framework/src/Illuminate/Foundation/Console/Kernel.php(494): Illuminate/Foundation/Application->bootstrapWith(Array)
#7 C:/xampp/htdocs/agendan8n/sistema-autonomo-comercial/vendor/laravel/framework/src/Illuminate/Foundation/Console/Kernel.php(196): Illuminate/Foundation/Console/Kernel->bootstrap()
#8 C:/xampp/htdocs/agendan8n/sistema-autonomo-comercial/vendor/laravel/framework/src/Illuminate/Foundation/Application.php(1235): Illuminate/Foundation/Console/Kernel->handle(Object(Symfony/Component/Console/Input/ArgvInput), Object(Symfony/Component/Console/Output/ConsoleOutput))
#9 C:/xampp/htdocs/agendan8n/sistema-autonomo-comercial/artisan(16): Illuminate/Foundation/Application->handleCommand(Object(Symfony/Component/Console/Input/ArgvInput))
#10 {main}
"} 
[2026-05-22 17:51:51] local.ERROR: Invalid route action: [App\Auth\Livewire\Verify2FA]. {"exception":"[object] (UnexpectedValueException(code: 0): Invalid route action: [App\\Auth\\Livewire\\Verify2FA]. at C:/xampp/htdocs/agendan8n/sistema-autonomo-comercial/vendor/laravel/framework/src/Illuminate/Routing/RouteAction.php:92)
[stacktrace]
#0 C:/xampp/htdocs/agendan8n/sistema-autonomo-comercial/vendor/laravel/framework/src/Illuminate/Routing/RouteAction.php(47): Illuminate/Routing/RouteAction::makeInvokable('App//Auth//Livewi...')
#1 C:/xampp/htdocs/agendan8n/sistema-autonomo-comercial/vendor/laravel/framework/src/Illuminate/Routing/Route.php(197): Illuminate/Routing/RouteAction::parse('verify-2fa', Array)
#2 C:/xampp/htdocs/agendan8n/sistema-autonomo-comercial/vendor/laravel/framework/src/Illuminate/Routing/Route.php(178): Illuminate/Routing/Route->parseAction(Array)
#3 C:/xampp/htdocs/agendan8n/sistema-autonomo-comercial/vendor/laravel/framework/src/Illuminate/Routing/Router.php(685): Illuminate/Routing/Route->__construct(Array, 'verify-2fa', Array)
#4 C:/xampp/htdocs/agendan8n/sistema-autonomo-comercial/vendor/laravel/framework/src/Illuminate/Routing/Router.php(576): Illuminate/Routing/Router->newRoute(Array, 'verify-2fa', Array)
#5 C:/xampp/htdocs/agendan8n/sistema-autonomo-comercial/vendor/laravel/framework/src/Illuminate/Routing/Router.php(556): Illuminate/Routing/Router->createRoute(Array, '/verify-2fa', Array)
#6 C:/xampp/htdocs/agendan8n/sistema-autonomo-comercial/vendor/laravel/framework/src/Illuminate/Routing/Router.php(160): Illuminate/Routing/Router->addRoute(Array, '/verify-2fa', 'App//Auth//Livewi...')
#7 C:/xampp/htdocs/agendan8n/sistema-autonomo-comercial/vendor/laravel/framework/src/Illuminate/Support/Facades/Facade.php(363): Illuminate/Routing/Router->get('/verify-2fa', 'App//Auth//Livewi...')
#8 C:/xampp/htdocs/agendan8n/sistema-autonomo-comercial/routes/web.php(23): Illuminate/Support/Facades/Facade::__callStatic('get', Array)
#9 C:/xampp/htdocs/agendan8n/sistema-autonomo-comercial/vendor/laravel/framework/src/Illuminate/Routing/RouteFileRegistrar.php(34): require('C://xampp//htdocs...')
#10 C:/xampp/htdocs/agendan8n/sistema-autonomo-comercial/vendor/laravel/framework/src/Illuminate/Routing/Router.php(526): Illuminate/Routing/RouteFileRegistrar->register('C://xampp//htdocs...')
#11 C:/xampp/htdocs/agendan8n/sistema-autonomo-comercial/vendor/laravel/framework/src/Illuminate/Routing/Router.php(480): Illuminate/Routing/Router->loadRoutes('C://xampp//htdocs...')
#12 C:/xampp/htdocs/agendan8n/sistema-autonomo-comercial/vendor/laravel/framework/src/Illuminate/Routing/RouteRegistrar.php(212): Illuminate/Routing/Router->group(Array, 'C://xampp//htdocs...')
#13 C:/xampp/htdocs/agendan8n/sistema-autonomo-comercial/vendor/laravel/framework/src/Illuminate/Foundation/Configuration/ApplicationBuilder.php(248): Illuminate/Routing/RouteRegistrar->group('C://xampp//htdocs...')
#14 C:/xampp/htdocs/agendan8n/sistema-autonomo-comercial/vendor/laravel/framework/src/Illuminate/Container/BoundMethod.php(36): Illuminate/Foundation/Configuration/ApplicationBuilder->Illuminate/Foundation/Configuration/{closure}()
#15 C:/xampp/htdocs/agendan8n/sistema-autonomo-comercial/vendor/laravel/framework/src/Illuminate/Container/Util.php(43): Illuminate/Container/BoundMethod::Illuminate/Container/{closure}()
#16 C:/xampp/htdocs/agendan8n/sistema-autonomo-comercial/vendor/laravel/framework/src/Illuminate/Container/BoundMethod.php(84): Illuminate/Container/Util::unwrapIfClosure(Object(Closure))
#17 C:/xampp/htdocs/agendan8n/sistema-autonomo-comercial/vendor/laravel/framework/src/Illuminate/Container/BoundMethod.php(35): Illuminate/Container/BoundMethod::callBoundMethod(Object(Illuminate/Foundation/Application), Object(Closure), Object(Closure))
#18 C:/xampp/htdocs/agendan8n/sistema-autonomo-comercial/vendor/laravel/framework/src/Illuminate/Container/Container.php(799): Illuminate/Container/BoundMethod::call(Object(Illuminate/Foundation/Application), Object(Closure), Array, NULL)
#19 C:/xampp/htdocs/agendan8n/sistema-autonomo-comercial/vendor/laravel/framework/src/Illuminate/Foundation/Support/Providers/RouteServiceProvider.php(162): Illuminate/Container/Container->call(Object(Closure))
#20 C:/xampp/htdocs/agendan8n/sistema-autonomo-comercial/vendor/laravel/framework/src/Illuminate/Foundation/Support/Providers/RouteServiceProvider.php(59): Illuminate/Foundation/Support/Providers/RouteServiceProvider->loadRoutes()
#21 C:/xampp/htdocs/agendan8n/sistema-autonomo-comercial/vendor/laravel/framework/src/Illuminate/Container/BoundMethod.php(36): Illuminate/Foundation/Support/Providers/RouteServiceProvider->Illuminate/Foundation/Support/Providers/{closure}()
#22 C:/xampp/htdocs/agendan8n/sistema-autonomo-comercial/vendor/laravel/framework/src/Illuminate/Container/Util.php(43): Illuminate/Container/BoundMethod::Illuminate/Container/{closure}()
#23 C:/xampp/htdocs/agendan8n/sistema-autonomo-comercial/vendor/laravel/framework/src/Illuminate/Container/BoundMethod.php(84): Illuminate/Container/Util::unwrapIfClosure(Object(Closure))
#24 C:/xampp/htdocs/agendan8n/sistema-autonomo-comercial/vendor/laravel/framework/src/Illuminate/Container/BoundMethod.php(35): Illuminate/Container/BoundMethod::callBoundMethod(Object(Illuminate/Foundation/Application), Object(Closure), Object(Closure))
#25 C:/xampp/htdocs/agendan8n/sistema-autonomo-comercial/vendor/laravel/framework/src/Illuminate/Container/Container.php(799): Illuminate/Container/BoundMethod::call(Object(Illuminate/Foundation/Application), Object(Closure), Array, NULL)
#26 C:/xampp/htdocs/agendan8n/sistema-autonomo-comercial/vendor/laravel/framework/src/Illuminate/Support/ServiceProvider.php(150): Illuminate/Container/Container->call(Object(Closure))
#27 C:/xampp/htdocs/agendan8n/sistema-autonomo-comercial/vendor/laravel/framework/src/Illuminate/Foundation/Application.php(1154): Illuminate/Support/ServiceProvider->callBootedCallbacks()
#28 C:/xampp/htdocs/agendan8n/sistema-autonomo-comercial/vendor/laravel/framework/src/Illuminate/Foundation/Application.php(1132): Illuminate/Foundation/Application->bootProvider(Object(Illuminate/Foundation/Support/Providers/RouteServiceProvider))
#29 [internal function]: Illuminate/Foundation/Application->Illuminate/Foundation/{closure}(Object(Illuminate/Foundation/Support/Providers/RouteServiceProvider), 'Illuminate//Foun...')
#30 C:/xampp/htdocs/agendan8n/sistema-autonomo-comercial/vendor/laravel/framework/src/Illuminate/Foundation/Application.php(1131): array_walk(Array, Object(Closure))
#31 C:/xampp/htdocs/agendan8n/sistema-autonomo-comercial/vendor/laravel/framework/src/Illuminate/Foundation/Bootstrap/BootProviders.php(17): Illuminate/Foundation/Application->boot()
#32 C:/xampp/htdocs/agendan8n/sistema-autonomo-comercial/vendor/laravel/framework/src/Illuminate/Foundation/Application.php(342): Illuminate/Foundation/Bootstrap/BootProviders->bootstrap(Object(Illuminate/Foundation/Application))
#33 C:/xampp/htdocs/agendan8n/sistema-autonomo-comercial/vendor/laravel/framework/src/Illuminate/Foundation/Console/Kernel.php(494): Illuminate/Foundation/Application->bootstrapWith(Array)
#34 C:/xampp/htdocs/agendan8n/sistema-autonomo-comercial/vendor/laravel/framework/src/Illuminate/Foundation/Console/Kernel.php(196): Illuminate/Foundation/Console/Kernel->bootstrap()
#35 C:/xampp/htdocs/agendan8n/sistema-autonomo-comercial/vendor/laravel/framework/src/Illuminate/Foundation/Application.php(1235): Illuminate/Foundation/Console/Kernel->handle(Object(Symfony/Component/Console/Input/ArgvInput), Object(Symfony/Component/Console/Output/ConsoleOutput))
#36 C:/xampp/htdocs/agendan8n/sistema-autonomo-comercial/artisan(16): Illuminate/Foundation/Application->handleCommand(Object(Symfony/Component/Console/Input/ArgvInput))
#37 {main}
"} 
[2026-05-22 17:55:03] local.ERROR: require(C:\xampp\htdocs\agendan8n\sistema-autonomo-comercial\routes/tenants/customers.php): Failed to open stream: No such file or directory {"exception":"[object] (ErrorException(code: 0): require(C:\\xampp\\htdocs\\agendan8n\\sistema-autonomo-comercial\\routes/tenants/customers.php): Failed to open stream: No such file or directory at C:/xampp/htdocs/agendan8n/sistema-autonomo-comercial/vendor/laravel/framework/src/Illuminate/Routing/RouteFileRegistrar.php:34)
[stacktrace]
#0 C:/xampp/htdocs/agendan8n/sistema-autonomo-comercial/vendor/laravel/framework/src/Illuminate/Foundation/Bootstrap/HandleExceptions.php(258): Illuminate/Foundation/Bootstrap/HandleExceptions->handleError(2, 'require(C://xamp...', 'C://xampp//htdocs...', 34)
#1 C:/xampp/htdocs/agendan8n/sistema-autonomo-comercial/vendor/laravel/framework/src/Illuminate/Routing/RouteFileRegistrar.php(34): Illuminate/Foundation/Bootstrap/HandleExceptions->Illuminate/Foundation/Bootstrap/{closure}(2, 'require(C://xamp...', 'C://xampp//htdocs...', 34)
#2 C:/xampp/htdocs/agendan8n/sistema-autonomo-comercial/vendor/laravel/framework/src/Illuminate/Routing/RouteFileRegistrar.php(34): require('C://xampp//htdocs...')
#3 C:/xampp/htdocs/agendan8n/sistema-autonomo-comercial/vendor/laravel/framework/src/Illuminate/Routing/Router.php(526): Illuminate/Routing/RouteFileRegistrar->register('C://xampp//htdocs...')
#4 C:/xampp/htdocs/agendan8n/sistema-autonomo-comercial/vendor/laravel/framework/src/Illuminate/Routing/Router.php(480): Illuminate/Routing/Router->loadRoutes('C://xampp//htdocs...')
#5 C:/xampp/htdocs/agendan8n/sistema-autonomo-comercial/vendor/laravel/framework/src/Illuminate/Routing/RouteRegistrar.php(212): Illuminate/Routing/Router->group(Array, 'C://xampp//htdocs...')
#6 C:/xampp/htdocs/agendan8n/sistema-autonomo-comercial/bootstrap/app.php(16): Illuminate/Routing/RouteRegistrar->group('C://xampp//htdocs...')
#7 C:/xampp/htdocs/agendan8n/sistema-autonomo-comercial/vendor/laravel/framework/src/Illuminate/Foundation/Configuration/ApplicationBuilder.php(263): {closure}(Object(Illuminate/Foundation/Application))
#8 C:/xampp/htdocs/agendan8n/sistema-autonomo-comercial/vendor/laravel/framework/src/Illuminate/Container/BoundMethod.php(36): Illuminate/Foundation/Configuration/ApplicationBuilder->Illuminate/Foundation/Configuration/{closure}()
#9 C:/xampp/htdocs/agendan8n/sistema-autonomo-comercial/vendor/laravel/framework/src/Illuminate/Container/Util.php(43): Illuminate/Container/BoundMethod::Illuminate/Container/{closure}()
#10 C:/xampp/htdocs/agendan8n/sistema-autonomo-comercial/vendor/laravel/framework/src/Illuminate/Container/BoundMethod.php(84): Illuminate/Container/Util::unwrapIfClosure(Object(Closure))
#11 C:/xampp/htdocs/agendan8n/sistema-autonomo-comercial/vendor/laravel/framework/src/Illuminate/Container/BoundMethod.php(35): Illuminate/Container/BoundMethod::callBoundMethod(Object(Illuminate/Foundation/Application), Object(Closure), Object(Closure))
#12 C:/xampp/htdocs/agendan8n/sistema-autonomo-comercial/vendor/laravel/framework/src/Illuminate/Container/Container.php(799): Illuminate/Container/BoundMethod::call(Object(Illuminate/Foundation/Application), Object(Closure), Array, NULL)
#13 C:/xampp/htdocs/agendan8n/sistema-autonomo-comercial/vendor/laravel/framework/src/Illuminate/Foundation/Support/Providers/RouteServiceProvider.php(162): Illuminate/Container/Container->call(Object(Closure))
#14 C:/xampp/htdocs/agendan8n/sistema-autonomo-comercial/vendor/laravel/framework/src/Illuminate/Foundation/Support/Providers/RouteServiceProvider.php(59): Illuminate/Foundation/Support/Providers/RouteServiceProvider->loadRoutes()
#15 C:/xampp/htdocs/agendan8n/sistema-autonomo-comercial/vendor/laravel/framework/src/Illuminate/Container/BoundMethod.php(36): Illuminate/Foundation/Support/Providers/RouteServiceProvider->Illuminate/Foundation/Support/Providers/{closure}()
#16 C:/xampp/htdocs/agendan8n/sistema-autonomo-comercial/vendor/laravel/framework/src/Illuminate/Container/Util.php(43): Illuminate/Container/BoundMethod::Illuminate/Container/{closure}()
#17 C:/xampp/htdocs/agendan8n/sistema-autonomo-comercial/vendor/laravel/framework/src/Illuminate/Container/BoundMethod.php(84): Illuminate/Container/Util::unwrapIfClosure(Object(Closure))
#18 C:/xampp/htdocs/agendan8n/sistema-autonomo-comercial/vendor/laravel/framework/src/Illuminate/Container/BoundMethod.php(35): Illuminate/Container/BoundMethod::callBoundMethod(Object(Illuminate/Foundation/Application), Object(Closure), Object(Closure))
#19 C:/xampp/htdocs/agendan8n/sistema-autonomo-comercial/vendor/laravel/framework/src/Illuminate/Container/Container.php(799): Illuminate/Container/BoundMethod::call(Object(Illuminate/Foundation/Application), Object(Closure), Array, NULL)
#20 C:/xampp/htdocs/agendan8n/sistema-autonomo-comercial/vendor/laravel/framework/src/Illuminate/Support/ServiceProvider.php(150): Illuminate/Container/Container->call(Object(Closure))
#21 C:/xampp/htdocs/agendan8n/sistema-autonomo-comercial/vendor/laravel/framework/src/Illuminate/Foundation/Application.php(1154): Illuminate/Support/ServiceProvider->callBootedCallbacks()
#22 C:/xampp/htdocs/agendan8n/sistema-autonomo-comercial/vendor/laravel/framework/src/Illuminate/Foundation/Application.php(1132): Illuminate/Foundation/Application->bootProvider(Object(Illuminate/Foundation/Support/Providers/RouteServiceProvider))
#23 [internal function]: Illuminate/Foundation/Application->Illuminate/Foundation/{closure}(Object(Illuminate/Foundation/Support/Providers/RouteServiceProvider), 'Illuminate//Foun...')
#24 C:/xampp/htdocs/agendan8n/sistema-autonomo-comercial/vendor/laravel/framework/src/Illuminate/Foundation/Application.php(1131): array_walk(Array, Object(Closure))
#25 C:/xampp/htdocs/agendan8n/sistema-autonomo-comercial/vendor/laravel/framework/src/Illuminate/Foundation/Bootstrap/BootProviders.php(17): Illuminate/Foundation/Application->boot()
#26 C:/xampp/htdocs/agendan8n/sistema-autonomo-comercial/vendor/laravel/framework/src/Illuminate/Foundation/Application.php(342): Illuminate/Foundation/Bootstrap/BootProviders->bootstrap(Object(Illuminate/Foundation/Application))
#27 C:/xampp/htdocs/agendan8n/sistema-autonomo-comercial/vendor/laravel/framework/src/Illuminate/Foundation/Console/Kernel.php(494): Illuminate/Foundation/Application->bootstrapWith(Array)
#28 C:/xampp/htdocs/agendan8n/sistema-autonomo-comercial/vendor/laravel/framework/src/Illuminate/Foundation/Console/Kernel.php(196): Illuminate/Foundation/Console/Kernel->bootstrap()
#29 C:/xampp/htdocs/agendan8n/sistema-autonomo-comercial/vendor/laravel/framework/src/Illuminate/Foundation/Application.php(1235): Illuminate/Foundation/Console/Kernel->handle(Object(Symfony/Component/Console/Input/ArgvInput), Object(Symfony/Component/Console/Output/ConsoleOutput))
#30 C:/xampp/htdocs/agendan8n/sistema-autonomo-comercial/artisan(16): Illuminate/Foundation/Application->handleCommand(Object(Symfony/Component/Console/Input/ArgvInput))
#31 {main}
"} 
[2026-05-22 17:57:34] local.ERROR: SQLSTATE[42000]: Syntax error or access violation: 1067 Invalid default value for 'ends_at' (Connection: mysql, Host: 127.0.0.1, Port: 3306, Database: sac_db, SQL: create table `bookings` (`id` bigint unsigned not null auto_increment primary key, `tenant_id` char(36) not null, `contact_id` bigint unsigned null, `resource_id` bigint unsigned null, `product_id` bigint unsigned null, `assigned_user_id` bigint unsigned null, `title` varchar(255) null, `starts_at` timestamp not null, `ends_at` timestamp not null, `status` varchar(30) not null default 'pending', `notes` text null, `source` varchar(30) not null default 'whatsapp', `metadata` json not null default '{}', `created_at` timestamp null, `updated_at` timestamp null) default character set utf8mb4 collate 'utf8mb4_unicode_ci') {"exception":"[object] (Illuminate\\Database\\QueryException(code: 42000): SQLSTATE[42000]: Syntax error or access violation: 1067 Invalid default value for 'ends_at' (Connection: mysql, Host: 127.0.0.1, Port: 3306, Database: sac_db, SQL: create table `bookings` (`id` bigint unsigned not null auto_increment primary key, `tenant_id` char(36) not null, `contact_id` bigint unsigned null, `resource_id` bigint unsigned null, `product_id` bigint unsigned null, `assigned_user_id` bigint unsigned null, `title` varchar(255) null, `starts_at` timestamp not null, `ends_at` timestamp not null, `status` varchar(30) not null default 'pending', `notes` text null, `source` varchar(30) not null default 'whatsapp', `metadata` json not null default '{}', `created_at` timestamp null, `updated_at` timestamp null) default character set utf8mb4 collate 'utf8mb4_unicode_ci') at C:/xampp/htdocs/agendan8n/sistema-autonomo-comercial/vendor/laravel/framework/src/Illuminate/Database/Connection.php:838)
[stacktrace]
#0 C:/xampp/htdocs/agendan8n/sistema-autonomo-comercial/vendor/laravel/framework/src/Illuminate/Database/Connection.php(794): Illuminate/Database/Connection->runQueryCallback('create table `b...', Array, Object(Closure))
#1 C:/xampp/htdocs/agendan8n/sistema-autonomo-comercial/vendor/laravel/framework/src/Illuminate/Database/Connection.php(573): Illuminate/Database/Connection->run('create table `b...', Array, Object(Closure))
#2 C:/xampp/htdocs/agendan8n/sistema-autonomo-comercial/vendor/laravel/framework/src/Illuminate/Database/Schema/Blueprint.php(121): Illuminate/Database/Connection->statement('create table `b...')
#3 C:/xampp/htdocs/agendan8n/sistema-autonomo-comercial/vendor/laravel/framework/src/Illuminate/Database/Schema/Builder.php(686): Illuminate/Database/Schema/Blueprint->build()
#4 C:/xampp/htdocs/agendan8n/sistema-autonomo-comercial/vendor/laravel/framework/src/Illuminate/Database/Schema/Builder.php(506): Illuminate/Database/Schema/Builder->build(Object(Illuminate/Database/Schema/Blueprint))
#5 C:/xampp/htdocs/agendan8n/sistema-autonomo-comercial/vendor/laravel/framework/src/Illuminate/Support/Facades/Facade.php(363): Illuminate/Database/Schema/Builder->create('bookings', Object(Closure))
#6 C:/xampp/htdocs/agendan8n/sistema-autonomo-comercial/database/migrations/0001_01_01_000004_create_booking_tables.php(57): Illuminate/Support/Facades/Facade::__callStatic('create', Array)
#7 C:/xampp/htdocs/agendan8n/sistema-autonomo-comercial/vendor/laravel/framework/src/Illuminate/Database/Migrations/Migrator.php(517): Illuminate/Database/Migrations/Migration@anonymous->up()
#8 C:/xampp/htdocs/agendan8n/sistema-autonomo-comercial/vendor/laravel/framework/src/Illuminate/Database/Migrations/Migrator.php(442): Illuminate/Database/Migrations/Migrator->runMethod(Object(Illuminate/Database/MySqlConnection), Object(Illuminate/Database/Migrations/Migration@anonymous), 'up')
#9 C:/xampp/htdocs/agendan8n/sistema-autonomo-comercial/vendor/laravel/framework/src/Illuminate/Database/Migrations/Migrator.php(451): Illuminate/Database/Migrations/Migrator->Illuminate/Database/Migrations/{closure}()
#10 C:/xampp/htdocs/agendan8n/sistema-autonomo-comercial/vendor/laravel/framework/src/Illuminate/Database/Migrations/Migrator.php(253): Illuminate/Database/Migrations/Migrator->runMigration(Object(Illuminate/Database/Migrations/Migration@anonymous), 'up')
#11 C:/xampp/htdocs/agendan8n/sistema-autonomo-comercial/vendor/laravel/framework/src/Illuminate/Console/View/Components/Task.php(41): Illuminate/Database/Migrations/Migrator->Illuminate/Database/Migrations/{closure}()
#12 C:/xampp/htdocs/agendan8n/sistema-autonomo-comercial/vendor/laravel/framework/src/Illuminate/Database/Migrations/Migrator.php(814): Illuminate/Console/View/Components/Task->render('0001_01_01_0000...', Object(Closure))
#13 C:/xampp/htdocs/agendan8n/sistema-autonomo-comercial/vendor/laravel/framework/src/Illuminate/Database/Migrations/Migrator.php(253): Illuminate/Database/Migrations/Migrator->write('Illuminate//Cons...', '0001_01_01_0000...', Object(Closure))
#14 C:/xampp/htdocs/agendan8n/sistema-autonomo-comercial/vendor/laravel/framework/src/Illuminate/Database/Migrations/Migrator.php(211): Illuminate/Database/Migrations/Migrator->runUp('C://xampp//htdocs...', 1, false)
#15 C:/xampp/htdocs/agendan8n/sistema-autonomo-comercial/vendor/laravel/framework/src/Illuminate/Database/Migrations/Migrator.php(138): Illuminate/Database/Migrations/Migrator->runPending(Array, Array)
#16 C:/xampp/htdocs/agendan8n/sistema-autonomo-comercial/vendor/laravel/framework/src/Illuminate/Database/Console/Migrations/MigrateCommand.php(116): Illuminate/Database/Migrations/Migrator->run(Array, Array)
#17 C:/xampp/htdocs/agendan8n/sistema-autonomo-comercial/vendor/laravel/framework/src/Illuminate/Database/Migrations/Migrator.php(671): Illuminate/Database/Console/Migrations/MigrateCommand->Illuminate/Database/Console/Migrations/{closure}()
#18 C:/xampp/htdocs/agendan8n/sistema-autonomo-comercial/vendor/laravel/framework/src/Illuminate/Database/Console/Migrations/MigrateCommand.php(109): Illuminate/Database/Migrations/Migrator->usingConnection(NULL, Object(Closure))
#19 C:/xampp/htdocs/agendan8n/sistema-autonomo-comercial/vendor/laravel/framework/src/Illuminate/Database/Console/Migrations/MigrateCommand.php(88): Illuminate/Database/Console/Migrations/MigrateCommand->runMigrations()
#20 C:/xampp/htdocs/agendan8n/sistema-autonomo-comercial/vendor/laravel/framework/src/Illuminate/Container/BoundMethod.php(36): Illuminate/Database/Console/Migrations/MigrateCommand->handle()
#21 C:/xampp/htdocs/agendan8n/sistema-autonomo-comercial/vendor/laravel/framework/src/Illuminate/Container/Util.php(43): Illuminate/Container/BoundMethod::Illuminate/Container/{closure}()
#22 C:/xampp/htdocs/agendan8n/sistema-autonomo-comercial/vendor/laravel/framework/src/Illuminate/Container/BoundMethod.php(96): Illuminate/Container/Util::unwrapIfClosure(Object(Closure))
#23 C:/xampp/htdocs/agendan8n/sistema-autonomo-comercial/vendor/laravel/framework/src/Illuminate/Container/BoundMethod.php(35): Illuminate/Container/BoundMethod::callBoundMethod(Object(Illuminate/Foundation/Application), Array, Object(Closure))
#24 C:/xampp/htdocs/agendan8n/sistema-autonomo-comercial/vendor/laravel/framework/src/Illuminate/Container/Container.php(799): Illuminate/Container/BoundMethod::call(Object(Illuminate/Foundation/Application), Array, Array, NULL)
#25 C:/xampp/htdocs/agendan8n/sistema-autonomo-comercial/vendor/laravel/framework/src/Illuminate/Console/Command.php(211): Illuminate/Container/Container->call(Array)
#26 C:/xampp/htdocs/agendan8n/sistema-autonomo-comercial/vendor/symfony/console/Command/Command.php(341): Illuminate/Console/Command->execute(Object(Symfony/Component/Console/Input/ArgvInput), Object(Illuminate/Console/OutputStyle))
#27 C:/xampp/htdocs/agendan8n/sistema-autonomo-comercial/vendor/laravel/framework/src/Illuminate/Console/Command.php(180): Symfony/Component/Console/Command/Command->run(Object(Symfony/Component/Console/Input/ArgvInput), Object(Illuminate/Console/OutputStyle))
#28 C:/xampp/htdocs/agendan8n/sistema-autonomo-comercial/vendor/symfony/console/Application.php(1117): Illuminate/Console/Command->run(Object(Symfony/Component/Console/Input/ArgvInput), Object(Symfony/Component/Console/Output/ConsoleOutput))
#29 C:/xampp/htdocs/agendan8n/sistema-autonomo-comercial/vendor/symfony/console/Application.php(356): Symfony/Component/Console/Application->doRunCommand(Object(Illuminate/Database/Console/Migrations/MigrateCommand), Object(Symfony/Component/Console/Input/ArgvInput), Object(Symfony/Component/Console/Output/ConsoleOutput))
#30 C:/xampp/htdocs/agendan8n/sistema-autonomo-comercial/vendor/symfony/console/Application.php(195): Symfony/Component/Console/Application->doRun(Object(Symfony/Component/Console/Input/ArgvInput), Object(Symfony/Component/Console/Output/ConsoleOutput))
#31 C:/xampp/htdocs/agendan8n/sistema-autonomo-comercial/vendor/laravel/framework/src/Illuminate/Foundation/Console/Kernel.php(198): Symfony/Component/Console/Application->run(Object(Symfony/Component/Console/Input/ArgvInput), Object(Symfony/Component/Console/Output/ConsoleOutput))
#32 C:/xampp/htdocs/agendan8n/sistema-autonomo-comercial/vendor/laravel/framework/src/Illuminate/Foundation/Application.php(1235): Illuminate/Foundation/Console/Kernel->handle(Object(Symfony/Component/Console/Input/ArgvInput), Object(Symfony/Component/Console/Output/ConsoleOutput))
#33 C:/xampp/htdocs/agendan8n/sistema-autonomo-comercial/artisan(16): Illuminate/Foundation/Application->handleCommand(Object(Symfony/Component/Console/Input/ArgvInput))
#34 {main}

[previous exception] [object] (PDOException(code: 42000): SQLSTATE[42000]: Syntax error or access violation: 1067 Invalid default value for 'ends_at' at C:/xampp/htdocs/agendan8n/sistema-autonomo-comercial/vendor/laravel/framework/src/Illuminate/Database/Connection.php:584)
[stacktrace]
#0 C:/xampp/htdocs/agendan8n/sistema-autonomo-comercial/vendor/laravel/framework/src/Illuminate/Database/Connection.php(584): PDOStatement->execute()
#1 C:/xampp/htdocs/agendan8n/sistema-autonomo-comercial/vendor/laravel/framework/src/Illuminate/Database/Connection.php(827): Illuminate/Database/Connection->Illuminate/Database/{closure}('create table `b...', Array)
#2 C:/xampp/htdocs/agendan8n/sistema-autonomo-comercial/vendor/laravel/framework/src/Illuminate/Database/Connection.php(794): Illuminate/Database/Connection->runQueryCallback('create table `b...', Array, Object(Closure))
#3 C:/xampp/htdocs/agendan8n/sistema-autonomo-comercial/vendor/laravel/framework/src/Illuminate/Database/Connection.php(573): Illuminate/Database/Connection->run('create table `b...', Array, Object(Closure))
#4 C:/xampp/htdocs/agendan8n/sistema-autonomo-comercial/vendor/laravel/framework/src/Illuminate/Database/Schema/Blueprint.php(121): Illuminate/Database/Connection->statement('create table `b...')
#5 C:/xampp/htdocs/agendan8n/sistema-autonomo-comercial/vendor/laravel/framework/src/Illuminate/Database/Schema/Builder.php(686): Illuminate/Database/Schema/Blueprint->build()
#6 C:/xampp/htdocs/agendan8n/sistema-autonomo-comercial/vendor/laravel/framework/src/Illuminate/Database/Schema/Builder.php(506): Illuminate/Database/Schema/Builder->build(Object(Illuminate/Database/Schema/Blueprint))
#7 C:/xampp/htdocs/agendan8n/sistema-autonomo-comercial/vendor/laravel/framework/src/Illuminate/Support/Facades/Facade.php(363): Illuminate/Database/Schema/Builder->create('bookings', Object(Closure))
#8 C:/xampp/htdocs/agendan8n/sistema-autonomo-comercial/database/migrations/0001_01_01_000004_create_booking_tables.php(57): Illuminate/Support/Facades/Facade::__callStatic('create', Array)
#9 C:/xampp/htdocs/agendan8n/sistema-autonomo-comercial/vendor/laravel/framework/src/Illuminate/Database/Migrations/Migrator.php(517): Illuminate/Database/Migrations/Migration@anonymous->up()
#10 C:/xampp/htdocs/agendan8n/sistema-autonomo-comercial/vendor/laravel/framework/src/Illuminate/Database/Migrations/Migrator.php(442): Illuminate/Database/Migrations/Migrator->runMethod(Object(Illuminate/Database/MySqlConnection), Object(Illuminate/Database/Migrations/Migration@anonymous), 'up')
#11 C:/xampp/htdocs/agendan8n/sistema-autonomo-comercial/vendor/laravel/framework/src/Illuminate/Database/Migrations/Migrator.php(451): Illuminate/Database/Migrations/Migrator->Illuminate/Database/Migrations/{closure}()
#12 C:/xampp/htdocs/agendan8n/sistema-autonomo-comercial/vendor/laravel/framework/src/Illuminate/Database/Migrations/Migrator.php(253): Illuminate/Database/Migrations/Migrator->runMigration(Object(Illuminate/Database/Migrations/Migration@anonymous), 'up')
#13 C:/xampp/htdocs/agendan8n/sistema-autonomo-comercial/vendor/laravel/framework/src/Illuminate/Console/View/Components/Task.php(41): Illuminate/Database/Migrations/Migrator->Illuminate/Database/Migrations/{closure}()
#14 C:/xampp/htdocs/agendan8n/sistema-autonomo-comercial/vendor/laravel/framework/src/Illuminate/Database/Migrations/Migrator.php(814): Illuminate/Console/View/Components/Task->render('0001_01_01_0000...', Object(Closure))
#15 C:/xampp/htdocs/agendan8n/sistema-autonomo-comercial/vendor/laravel/framework/src/Illuminate/Database/Migrations/Migrator.php(253): Illuminate/Database/Migrations/Migrator->write('Illuminate//Cons...', '0001_01_01_0000...', Object(Closure))
#16 C:/xampp/htdocs/agendan8n/sistema-autonomo-comercial/vendor/laravel/framework/src/Illuminate/Database/Migrations/Migrator.php(211): Illuminate/Database/Migrations/Migrator->runUp('C://xampp//htdocs...', 1, false)
#17 C:/xampp/htdocs/agendan8n/sistema-autonomo-comercial/vendor/laravel/framework/src/Illuminate/Database/Migrations/Migrator.php(138): Illuminate/Database/Migrations/Migrator->runPending(Array, Array)
#18 C:/xampp/htdocs/agendan8n/sistema-autonomo-comercial/vendor/laravel/framework/src/Illuminate/Database/Console/Migrations/MigrateCommand.php(116): Illuminate/Database/Migrations/Migrator->run(Array, Array)
#19 C:/xampp/htdocs/agendan8n/sistema-autonomo-comercial/vendor/laravel/framework/src/Illuminate/Database/Migrations/Migrator.php(671): Illuminate/Database/Console/Migrations/MigrateCommand->Illuminate/Database/Console/Migrations/{closure}()
#20 C:/xampp/htdocs/agendan8n/sistema-autonomo-comercial/vendor/laravel/framework/src/Illuminate/Database/Console/Migrations/MigrateCommand.php(109): Illuminate/Database/Migrations/Migrator->usingConnection(NULL, Object(Closure))
#21 C:/xampp/htdocs/agendan8n/sistema-autonomo-comercial/vendor/laravel/framework/src/Illuminate/Database/Console/Migrations/MigrateCommand.php(88): Illuminate/Database/Console/Migrations/MigrateCommand->runMigrations()
#22 C:/xampp/htdocs/agendan8n/sistema-autonomo-comercial/vendor/laravel/framework/src/Illuminate/Container/BoundMethod.php(36): Illuminate/Database/Console/Migrations/MigrateCommand->handle()
#23 C:/xampp/htdocs/agendan8n/sistema-autonomo-comercial/vendor/laravel/framework/src/Illuminate/Container/Util.php(43): Illuminate/Container/BoundMethod::Illuminate/Container/{closure}()
#24 C:/xampp/htdocs/agendan8n/sistema-autonomo-comercial/vendor/laravel/framework/src/Illuminate/Container/BoundMethod.php(96): Illuminate/Container/Util::unwrapIfClosure(Object(Closure))
#25 C:/xampp/htdocs/agendan8n/sistema-autonomo-comercial/vendor/laravel/framework/src/Illuminate/Container/BoundMethod.php(35): Illuminate/Container/BoundMethod::callBoundMethod(Object(Illuminate/Foundation/Application), Array, Object(Closure))
#26 C:/xampp/htdocs/agendan8n/sistema-autonomo-comercial/vendor/laravel/framework/src/Illuminate/Container/Container.php(799): Illuminate/Container/BoundMethod::call(Object(Illuminate/Foundation/Application), Array, Array, NULL)
#27 C:/xampp/htdocs/agendan8n/sistema-autonomo-comercial/vendor/laravel/framework/src/Illuminate/Console/Command.php(211): Illuminate/Container/Container->call(Array)
#28 C:/xampp/htdocs/agendan8n/sistema-autonomo-comercial/vendor/symfony/console/Command/Command.php(341): Illuminate/Console/Command->execute(Object(Symfony/Component/Console/Input/ArgvInput), Object(Illuminate/Console/OutputStyle))
#29 C:/xampp/htdocs/agendan8n/sistema-autonomo-comercial/vendor/laravel/framework/src/Illuminate/Console/Command.php(180): Symfony/Component/Console/Command/Command->run(Object(Symfony/Component/Console/Input/ArgvInput), Object(Illuminate/Console/OutputStyle))
#30 C:/xampp/htdocs/agendan8n/sistema-autonomo-comercial/vendor/symfony/console/Application.php(1117): Illuminate/Console/Command->run(Object(Symfony/Component/Console/Input/ArgvInput), Object(Symfony/Component/Console/Output/ConsoleOutput))
#31 C:/xampp/htdocs/agendan8n/sistema-autonomo-comercial/vendor/symfony/console/Application.php(356): Symfony/Component/Console/Application->doRunCommand(Object(Illuminate/Database/Console/Migrations/MigrateCommand), Object(Symfony/Component/Console/Input/ArgvInput), Object(Symfony/Component/Console/Output/ConsoleOutput))
#32 C:/xampp/htdocs/agendan8n/sistema-autonomo-comercial/vendor/symfony/console/Application.php(195): Symfony/Component/Console/Application->doRun(Object(Symfony/Component/Console/Input/ArgvInput), Object(Symfony/Component/Console/Output/ConsoleOutput))
#33 C:/xampp/htdocs/agendan8n/sistema-autonomo-comercial/vendor/laravel/framework/src/Illuminate/Foundation/Console/Kernel.php(198): Symfony/Component/Console/Application->run(Object(Symfony/Component/Console/Input/ArgvInput), Object(Symfony/Component/Console/Output/ConsoleOutput))
#34 C:/xampp/htdocs/agendan8n/sistema-autonomo-comercial/vendor/laravel/framework/src/Illuminate/Foundation/Application.php(1235): Illuminate/Foundation/Console/Kernel->handle(Object(Symfony/Component/Console/Input/ArgvInput), Object(Symfony/Component/Console/Output/ConsoleOutput))
#35 C:/xampp/htdocs/agendan8n/sistema-autonomo-comercial/artisan(16): Illuminate/Foundation/Application->handleCommand(Object(Symfony/Component/Console/Input/ArgvInput))
#36 {main}
"} 
[2026-05-22 18:04:57] local.ERROR: Class "App\Http\Controllers\Controller" not found {"exception":"[object] (Error(code: 0): Class \"App\\Http\\Controllers\\Controller\" not found at C:/xampp/htdocs/agendan8n/sistema-autonomo-comercial/app/Http/Controllers/Auth/EmailVerificationPromptController.php:11)
[stacktrace]
#0 C:/xampp/htdocs/agendan8n/sistema-autonomo-comercial/vendor/composer/ClassLoader.php(576): include()
#1 C:/xampp/htdocs/agendan8n/sistema-autonomo-comercial/vendor/composer/ClassLoader.php(427): Composer/Autoload/{closure}('C://xampp//htdocs...')
#2 [internal function]: Composer/Autoload/ClassLoader->loadClass('App//Http//Contro...')
#3 C:/xampp/htdocs/agendan8n/sistema-autonomo-comercial/vendor/laravel/framework/src/Illuminate/Routing/RouteAction.php(91): method_exists('App//Http//Contro...', '__invoke')
#4 C:/xampp/htdocs/agendan8n/sistema-autonomo-comercial/vendor/laravel/framework/src/Illuminate/Routing/RouteAction.php(47): Illuminate/Routing/RouteAction::makeInvokable('App//Http//Contro...')
#5 C:/xampp/htdocs/agendan8n/sistema-autonomo-comercial/vendor/laravel/framework/src/Illuminate/Routing/Route.php(197): Illuminate/Routing/RouteAction::parse('verify-email', Array)
#6 C:/xampp/htdocs/agendan8n/sistema-autonomo-comercial/vendor/laravel/framework/src/Illuminate/Routing/Route.php(178): Illuminate/Routing/Route->parseAction(Array)
#7 C:/xampp/htdocs/agendan8n/sistema-autonomo-comercial/vendor/laravel/framework/src/Illuminate/Routing/Router.php(685): Illuminate/Routing/Route->__construct(Array, 'verify-email', Array)
#8 C:/xampp/htdocs/agendan8n/sistema-autonomo-comercial/vendor/laravel/framework/src/Illuminate/Routing/Router.php(576): Illuminate/Routing/Router->newRoute(Array, 'verify-email', Array)
#9 C:/xampp/htdocs/agendan8n/sistema-autonomo-comercial/vendor/laravel/framework/src/Illuminate/Routing/Router.php(556): Illuminate/Routing/Router->createRoute(Array, 'verify-email', Array)
#10 C:/xampp/htdocs/agendan8n/sistema-autonomo-comercial/vendor/laravel/framework/src/Illuminate/Routing/Router.php(160): Illuminate/Routing/Router->addRoute(Array, 'verify-email', 'App//Http//Contro...')
#11 C:/xampp/htdocs/agendan8n/sistema-autonomo-comercial/vendor/laravel/framework/src/Illuminate/Support/Facades/Facade.php(363): Illuminate/Routing/Router->get('verify-email', 'App//Http//Contro...')
#12 C:/xampp/htdocs/agendan8n/sistema-autonomo-comercial/routes/auth.php(39): Illuminate/Support/Facades/Facade::__callStatic('get', Array)
#13 C:/xampp/htdocs/agendan8n/sistema-autonomo-comercial/vendor/laravel/framework/src/Illuminate/Routing/Router.php(524): Illuminate/Routing/RouteFileRegistrar->{closure}(Object(Illuminate/Routing/Router))
#14 C:/xampp/htdocs/agendan8n/sistema-autonomo-comercial/vendor/laravel/framework/src/Illuminate/Routing/Router.php(480): Illuminate/Routing/Router->loadRoutes(Object(Closure))
#15 C:/xampp/htdocs/agendan8n/sistema-autonomo-comercial/vendor/laravel/framework/src/Illuminate/Routing/RouteRegistrar.php(212): Illuminate/Routing/Router->group(Array, Object(Closure))
#16 C:/xampp/htdocs/agendan8n/sistema-autonomo-comercial/routes/auth.php(38): Illuminate/Routing/RouteRegistrar->group(Object(Closure))
#17 C:/xampp/htdocs/agendan8n/sistema-autonomo-comercial/routes/web.php(27): require('C://xampp//htdocs...')
#18 C:/xampp/htdocs/agendan8n/sistema-autonomo-comercial/vendor/laravel/framework/src/Illuminate/Routing/RouteFileRegistrar.php(34): require('C://xampp//htdocs...')
#19 C:/xampp/htdocs/agendan8n/sistema-autonomo-comercial/vendor/laravel/framework/src/Illuminate/Routing/Router.php(526): Illuminate/Routing/RouteFileRegistrar->register('C://xampp//htdocs...')
#20 C:/xampp/htdocs/agendan8n/sistema-autonomo-comercial/vendor/laravel/framework/src/Illuminate/Routing/Router.php(480): Illuminate/Routing/Router->loadRoutes('C://xampp//htdocs...')
#21 C:/xampp/htdocs/agendan8n/sistema-autonomo-comercial/vendor/laravel/framework/src/Illuminate/Routing/RouteRegistrar.php(212): Illuminate/Routing/Router->group(Array, 'C://xampp//htdocs...')
#22 C:/xampp/htdocs/agendan8n/sistema-autonomo-comercial/vendor/laravel/framework/src/Illuminate/Foundation/Configuration/ApplicationBuilder.php(248): Illuminate/Routing/RouteRegistrar->group('C://xampp//htdocs...')
#23 C:/xampp/htdocs/agendan8n/sistema-autonomo-comercial/vendor/laravel/framework/src/Illuminate/Container/BoundMethod.php(36): Illuminate/Foundation/Configuration/ApplicationBuilder->Illuminate/Foundation/Configuration/{closure}()
#24 C:/xampp/htdocs/agendan8n/sistema-autonomo-comercial/vendor/laravel/framework/src/Illuminate/Container/Util.php(43): Illuminate/Container/BoundMethod::Illuminate/Container/{closure}()
#25 C:/xampp/htdocs/agendan8n/sistema-autonomo-comercial/vendor/laravel/framework/src/Illuminate/Container/BoundMethod.php(84): Illuminate/Container/Util::unwrapIfClosure(Object(Closure))
#26 C:/xampp/htdocs/agendan8n/sistema-autonomo-comercial/vendor/laravel/framework/src/Illuminate/Container/BoundMethod.php(35): Illuminate/Container/BoundMethod::callBoundMethod(Object(Illuminate/Foundation/Application), Object(Closure), Object(Closure))
#27 C:/xampp/htdocs/agendan8n/sistema-autonomo-comercial/vendor/laravel/framework/src/Illuminate/Container/Container.php(799): Illuminate/Container/BoundMethod::call(Object(Illuminate/Foundation/Application), Object(Closure), Array, NULL)
#28 C:/xampp/htdocs/agendan8n/sistema-autonomo-comercial/vendor/laravel/framework/src/Illuminate/Foundation/Support/Providers/RouteServiceProvider.php(162): Illuminate/Container/Container->call(Object(Closure))
#29 C:/xampp/htdocs/agendan8n/sistema-autonomo-comercial/vendor/laravel/framework/src/Illuminate/Foundation/Support/Providers/RouteServiceProvider.php(59): Illuminate/Foundation/Support/Providers/RouteServiceProvider->loadRoutes()
#30 C:/xampp/htdocs/agendan8n/sistema-autonomo-comercial/vendor/laravel/framework/src/Illuminate/Container/BoundMethod.php(36): Illuminate/Foundation/Support/Providers/RouteServiceProvider->Illuminate/Foundation/Support/Providers/{closure}()
#31 C:/xampp/htdocs/agendan8n/sistema-autonomo-comercial/vendor/laravel/framework/src/Illuminate/Container/Util.php(43): Illuminate/Container/BoundMethod::Illuminate/Container/{closure}()
#32 C:/xampp/htdocs/agendan8n/sistema-autonomo-comercial/vendor/laravel/framework/src/Illuminate/Container/BoundMethod.php(84): Illuminate/Container/Util::unwrapIfClosure(Object(Closure))
#33 C:/xampp/htdocs/agendan8n/sistema-autonomo-comercial/vendor/laravel/framework/src/Illuminate/Container/BoundMethod.php(35): Illuminate/Container/BoundMethod::callBoundMethod(Object(Illuminate/Foundation/Application), Object(Closure), Object(Closure))
#34 C:/xampp/htdocs/agendan8n/sistema-autonomo-comercial/vendor/laravel/framework/src/Illuminate/Container/Container.php(799): Illuminate/Container/BoundMethod::call(Object(Illuminate/Foundation/Application), Object(Closure), Array, NULL)
#35 C:/xampp/htdocs/agendan8n/sistema-autonomo-comercial/vendor/laravel/framework/src/Illuminate/Support/ServiceProvider.php(150): Illuminate/Container/Container->call(Object(Closure))
#36 C:/xampp/htdocs/agendan8n/sistema-autonomo-comercial/vendor/laravel/framework/src/Illuminate/Foundation/Application.php(1154): Illuminate/Support/ServiceProvider->callBootedCallbacks()
#37 C:/xampp/htdocs/agendan8n/sistema-autonomo-comercial/vendor/laravel/framework/src/Illuminate/Foundation/Application.php(1132): Illuminate/Foundation/Application->bootProvider(Object(Illuminate/Foundation/Support/Providers/RouteServiceProvider))
#38 [internal function]: Illuminate/Foundation/Application->Illuminate/Foundation/{closure}(Object(Illuminate/Foundation/Support/Providers/RouteServiceProvider), 'Illuminate//Foun...')
#39 C:/xampp/htdocs/agendan8n/sistema-autonomo-comercial/vendor/laravel/framework/src/Illuminate/Foundation/Application.php(1131): array_walk(Array, Object(Closure))
#40 C:/xampp/htdocs/agendan8n/sistema-autonomo-comercial/vendor/laravel/framework/src/Illuminate/Foundation/Bootstrap/BootProviders.php(17): Illuminate/Foundation/Application->boot()
#41 C:/xampp/htdocs/agendan8n/sistema-autonomo-comercial/vendor/laravel/framework/src/Illuminate/Foundation/Application.php(342): Illuminate/Foundation/Bootstrap/BootProviders->bootstrap(Object(Illuminate/Foundation/Application))
#42 C:/xampp/htdocs/agendan8n/sistema-autonomo-comercial/vendor/laravel/framework/src/Illuminate/Foundation/Console/Kernel.php(494): Illuminate/Foundation/Application->bootstrapWith(Array)
#43 C:/xampp/htdocs/agendan8n/sistema-autonomo-comercial/vendor/laravel/framework/src/Illuminate/Foundation/Console/Kernel.php(196): Illuminate/Foundation/Console/Kernel->bootstrap()
#44 C:/xampp/htdocs/agendan8n/sistema-autonomo-comercial/vendor/laravel/framework/src/Illuminate/Foundation/Application.php(1235): Illuminate/Foundation/Console/Kernel->handle(Object(Symfony/Component/Console/Input/ArgvInput), Object(Symfony/Component/Console/Output/ConsoleOutput))
#45 C:/xampp/htdocs/agendan8n/sistema-autonomo-comercial/artisan(16): Illuminate/Foundation/Application->handleCommand(Object(Symfony/Component/Console/Input/ArgvInput))
#46 {main}
"} 
[2026-05-22 19:04:45] local.ERROR: Class "\App\Models\Auth\User" not found {"exception":"[object] (Error(code: 0): Class \"\\App\\Models\\Auth\\User\" not found at C:/xampp/htdocs/agendan8n/sistema-autonomo-comercial/vendor/laravel/framework/src/Illuminate/Auth/EloquentUserProvider.php:208)
[stacktrace]
#0 C:/xampp/htdocs/agendan8n/sistema-autonomo-comercial/vendor/laravel/framework/src/Illuminate/Auth/EloquentUserProvider.php(191): Illuminate/Auth/EloquentUserProvider->createModel()
#1 C:/xampp/htdocs/agendan8n/sistema-autonomo-comercial/vendor/laravel/framework/src/Illuminate/Auth/EloquentUserProvider.php(126): Illuminate/Auth/EloquentUserProvider->newModelQuery()
#2 C:/xampp/htdocs/agendan8n/sistema-autonomo-comercial/vendor/laravel/framework/src/Illuminate/Auth/SessionGuard.php(424): Illuminate/Auth/EloquentUserProvider->retrieveByCredentials(Object(SensitiveParameterValue))
#3 C:/xampp/htdocs/agendan8n/sistema-autonomo-comercial/vendor/laravel/framework/src/Illuminate/Support/Timebox.php(34): Illuminate/Auth/SessionGuard->Illuminate/Auth/{closure}(Object(Illuminate/Support/Timebox))
#4 C:/xampp/htdocs/agendan8n/sistema-autonomo-comercial/vendor/laravel/framework/src/Illuminate/Auth/SessionGuard.php(421): Illuminate/Support/Timebox->call(Object(Closure), 200000)
#5 C:/xampp/htdocs/agendan8n/sistema-autonomo-comercial/vendor/laravel/framework/src/Illuminate/Auth/AuthManager.php(334): Illuminate/Auth/SessionGuard->attempt(Array, false)
#6 C:/xampp/htdocs/agendan8n/sistema-autonomo-comercial/vendor/laravel/framework/src/Illuminate/Support/Facades/Facade.php(363): Illuminate/Auth/AuthManager->__call('attempt', Array)
#7 C:/xampp/htdocs/agendan8n/sistema-autonomo-comercial/app/Http/Requests/Auth/LoginRequest.php(45): Illuminate/Support/Facades/Facade::__callStatic('attempt', Array)
#8 C:/xampp/htdocs/agendan8n/sistema-autonomo-comercial/app/Http/Controllers/Auth/AuthenticatedSessionController.php(32): App/Http/Requests/Auth/LoginRequest->authenticate()
#9 C:/xampp/htdocs/agendan8n/sistema-autonomo-comercial/vendor/laravel/framework/src/Illuminate/Routing/ControllerDispatcher.php(46): App/Http/Controllers/Auth/AuthenticatedSessionController->store(Object(App/Http/Requests/Auth/LoginRequest))
#10 C:/xampp/htdocs/agendan8n/sistema-autonomo-comercial/vendor/laravel/framework/src/Illuminate/Routing/Route.php(265): Illuminate/Routing/ControllerDispatcher->dispatch(Object(Illuminate/Routing/Route), Object(App/Http/Controllers/Auth/AuthenticatedSessionController), 'store')
#11 C:/xampp/htdocs/agendan8n/sistema-autonomo-comercial/vendor/laravel/framework/src/Illuminate/Routing/Route.php(211): Illuminate/Routing/Route->runController()
#12 C:/xampp/htdocs/agendan8n/sistema-autonomo-comercial/vendor/laravel/framework/src/Illuminate/Routing/Router.php(822): Illuminate/Routing/Route->run()
#13 C:/xampp/htdocs/agendan8n/sistema-autonomo-comercial/vendor/laravel/framework/src/Illuminate/Pipeline/Pipeline.php(180): Illuminate/Routing/Router->Illuminate/Routing/{closure}(Object(Illuminate/Http/Request))
#14 C:/xampp/htdocs/agendan8n/sistema-autonomo-comercial/vendor/laravel/framework/src/Illuminate/Auth/Middleware/RedirectIfAuthenticated.php(47): Illuminate/Pipeline/Pipeline->Illuminate/Pipeline/{closure}(Object(Illuminate/Http/Request))
#15 C:/xampp/htdocs/agendan8n/sistema-autonomo-comercial/vendor/laravel/framework/src/Illuminate/Pipeline/Pipeline.php(219): Illuminate/Auth/Middleware/RedirectIfAuthenticated->handle(Object(Illuminate/Http/Request), Object(Closure))
#16 C:/xampp/htdocs/agendan8n/sistema-autonomo-comercial/vendor/laravel/framework/src/Illuminate/Http/Middleware/AddLinkHeadersForPreloadedAssets.php(32): Illuminate/Pipeline/Pipeline->Illuminate/Pipeline/{closure}(Object(Illuminate/Http/Request))
#17 C:/xampp/htdocs/agendan8n/sistema-autonomo-comercial/vendor/laravel/framework/src/Illuminate/Pipeline/Pipeline.php(219): Illuminate/Http/Middleware/AddLinkHeadersForPreloadedAssets->handle(Object(Illuminate/Http/Request), Object(Closure))
#18 C:/xampp/htdocs/agendan8n/sistema-autonomo-comercial/vendor/inertiajs/inertia-laravel/src/Middleware.php(122): Illuminate/Pipeline/Pipeline->Illuminate/Pipeline/{closure}(Object(Illuminate/Http/Request))
#19 C:/xampp/htdocs/agendan8n/sistema-autonomo-comercial/vendor/laravel/framework/src/Illuminate/Pipeline/Pipeline.php(219): Inertia/Middleware->handle(Object(Illuminate/Http/Request), Object(Closure))
#20 C:/xampp/htdocs/agendan8n/sistema-autonomo-comercial/vendor/laravel/framework/src/Illuminate/Routing/Middleware/SubstituteBindings.php(50): Illuminate/Pipeline/Pipeline->Illuminate/Pipeline/{closure}(Object(Illuminate/Http/Request))
#21 C:/xampp/htdocs/agendan8n/sistema-autonomo-comercial/vendor/laravel/framework/src/Illuminate/Pipeline/Pipeline.php(219): Illuminate/Routing/Middleware/SubstituteBindings->handle(Object(Illuminate/Http/Request), Object(Closure))
#22 C:/xampp/htdocs/agendan8n/sistema-autonomo-comercial/vendor/laravel/framework/src/Illuminate/Foundation/Http/Middleware/VerifyCsrfToken.php(87): Illuminate/Pipeline/Pipeline->Illuminate/Pipeline/{closure}(Object(Illuminate/Http/Request))
#23 C:/xampp/htdocs/agendan8n/sistema-autonomo-comercial/vendor/laravel/framework/src/Illuminate/Pipeline/Pipeline.php(219): Illuminate/Foundation/Http/Middleware/VerifyCsrfToken->handle(Object(Illuminate/Http/Request), Object(Closure))
#24 C:/xampp/htdocs/agendan8n/sistema-autonomo-comercial/vendor/laravel/framework/src/Illuminate/View/Middleware/ShareErrorsFromSession.php(48): Illuminate/Pipeline/Pipeline->Illuminate/Pipeline/{closure}(Object(Illuminate/Http/Request))
#25 C:/xampp/htdocs/agendan8n/sistema-autonomo-comercial/vendor/laravel/framework/src/Illuminate/Pipeline/Pipeline.php(219): Illuminate/View/Middleware/ShareErrorsFromSession->handle(Object(Illuminate/Http/Request), Object(Closure))
#26 C:/xampp/htdocs/agendan8n/sistema-autonomo-comercial/vendor/laravel/framework/src/Illuminate/Session/Middleware/StartSession.php(120): Illuminate/Pipeline/Pipeline->Illuminate/Pipeline/{closure}(Object(Illuminate/Http/Request))
#27 C:/xampp/htdocs/agendan8n/sistema-autonomo-comercial/vendor/laravel/framework/src/Illuminate/Session/Middleware/StartSession.php(63): Illuminate/Session/Middleware/StartSession->handleStatefulRequest(Object(Illuminate/Http/Request), Object(Illuminate/Session/Store), Object(Closure))
#28 C:/xampp/htdocs/agendan8n/sistema-autonomo-comercial/vendor/laravel/framework/src/Illuminate/Pipeline/Pipeline.php(219): Illuminate/Session/Middleware/StartSession->handle(Object(Illuminate/Http/Request), Object(Closure))
#29 C:/xampp/htdocs/agendan8n/sistema-autonomo-comercial/vendor/laravel/framework/src/Illuminate/Cookie/Middleware/AddQueuedCookiesToResponse.php(36): Illuminate/Pipeline/Pipeline->Illuminate/Pipeline/{closure}(Object(Illuminate/Http/Request))
#30 C:/xampp/htdocs/agendan8n/sistema-autonomo-comercial/vendor/laravel/framework/src/Illuminate/Pipeline/Pipeline.php(219): Illuminate/Cookie/Middleware/AddQueuedCookiesToResponse->handle(Object(Illuminate/Http/Request), Object(Closure))
#31 C:/xampp/htdocs/agendan8n/sistema-autonomo-comercial/vendor/laravel/framework/src/Illuminate/Cookie/Middleware/EncryptCookies.php(74): Illuminate/Pipeline/Pipeline->Illuminate/Pipeline/{closure}(Object(Illuminate/Http/Request))
#32 C:/xampp/htdocs/agendan8n/sistema-autonomo-comercial/vendor/laravel/framework/src/Illuminate/Pipeline/Pipeline.php(219): Illuminate/Cookie/Middleware/EncryptCookies->handle(Object(Illuminate/Http/Request), Object(Closure))
#33 C:/xampp/htdocs/agendan8n/sistema-autonomo-comercial/vendor/laravel/framework/src/Illuminate/Pipeline/Pipeline.php(137): Illuminate/Pipeline/Pipeline->Illuminate/Pipeline/{closure}(Object(Illuminate/Http/Request))
#34 C:/xampp/htdocs/agendan8n/sistema-autonomo-comercial/vendor/laravel/framework/src/Illuminate/Routing/Router.php(821): Illuminate/Pipeline/Pipeline->then(Object(Closure))
#35 C:/xampp/htdocs/agendan8n/sistema-autonomo-comercial/vendor/laravel/framework/src/Illuminate/Routing/Router.php(800): Illuminate/Routing/Router->runRouteWithinStack(Object(Illuminate/Routing/Route), Object(Illuminate/Http/Request))
#36 C:/xampp/htdocs/agendan8n/sistema-autonomo-comercial/vendor/laravel/framework/src/Illuminate/Routing/Router.php(764): Illuminate/Routing/Router->runRoute(Object(Illuminate/Http/Request), Object(Illuminate/Routing/Route))
#37 C:/xampp/htdocs/agendan8n/sistema-autonomo-comercial/vendor/laravel/framework/src/Illuminate/Routing/Router.php(753): Illuminate/Routing/Router->dispatchToRoute(Object(Illuminate/Http/Request))
#38 C:/xampp/htdocs/agendan8n/sistema-autonomo-comercial/vendor/laravel/framework/src/Illuminate/Foundation/Http/Kernel.php(200): Illuminate/Routing/Router->dispatch(Object(Illuminate/Http/Request))
#39 C:/xampp/htdocs/agendan8n/sistema-autonomo-comercial/vendor/laravel/framework/src/Illuminate/Pipeline/Pipeline.php(180): Illuminate/Foundation/Http/Kernel->Illuminate/Foundation/Http/{closure}(Object(Illuminate/Http/Request))
#40 C:/xampp/htdocs/agendan8n/sistema-autonomo-comercial/vendor/livewire/livewire/src/Features/SupportDisablingBackButtonCache/DisableBackButtonCacheMiddleware.php(19): Illuminate/Pipeline/Pipeline->Illuminate/Pipeline/{closure}(Object(Illuminate/Http/Request))
#41 C:/xampp/htdocs/agendan8n/sistema-autonomo-comercial/vendor/laravel/framework/src/Illuminate/Pipeline/Pipeline.php(219): Livewire/Features/SupportDisablingBackButtonCache/DisableBackButtonCacheMiddleware->handle(Object(Illuminate/Http/Request), Object(Closure))
#42 C:/xampp/htdocs/agendan8n/sistema-autonomo-comercial/vendor/laravel/framework/src/Illuminate/Foundation/Http/Middleware/TransformsRequest.php(21): Illuminate/Pipeline/Pipeline->Illuminate/Pipeline/{closure}(Object(Illuminate/Http/Request))
#43 C:/xampp/htdocs/agendan8n/sistema-autonomo-comercial/vendor/laravel/framework/src/Illuminate/Foundation/Http/Middleware/ConvertEmptyStringsToNull.php(31): Illuminate/Foundation/Http/Middleware/TransformsRequest->handle(Object(Illuminate/Http/Request), Object(Closure))
#44 C:/xampp/htdocs/agendan8n/sistema-autonomo-comercial/vendor/laravel/framework/src/Illuminate/Pipeline/Pipeline.php(219): Illuminate/Foundation/Http/Middleware/ConvertEmptyStringsToNull->handle(Object(Illuminate/Http/Request), Object(Closure))
#45 C:/xampp/htdocs/agendan8n/sistema-autonomo-comercial/vendor/laravel/framework/src/Illuminate/Foundation/Http/Middleware/TransformsRequest.php(21): Illuminate/Pipeline/Pipeline->Illuminate/Pipeline/{closure}(Object(Illuminate/Http/Request))
#46 C:/xampp/htdocs/agendan8n/sistema-autonomo-comercial/vendor/laravel/framework/src/Illuminate/Foundation/Http/Middleware/TrimStrings.php(51): Illuminate/Foundation/Http/Middleware/TransformsRequest->handle(Object(Illuminate/Http/Request), Object(Closure))
#47 C:/xampp/htdocs/agendan8n/sistema-autonomo-comercial/vendor/laravel/framework/src/Illuminate/Pipeline/Pipeline.php(219): Illuminate/Foundation/Http/Middleware/TrimStrings->handle(Object(Illuminate/Http/Request), Object(Closure))
#48 C:/xampp/htdocs/agendan8n/sistema-autonomo-comercial/vendor/laravel/framework/src/Illuminate/Http/Middleware/ValidatePostSize.php(27): Illuminate/Pipeline/Pipeline->Illuminate/Pipeline/{closure}(Object(Illuminate/Http/Request))
#49 C:/xampp/htdocs/agendan8n/sistema-autonomo-comercial/vendor/laravel/framework/src/Illuminate/Pipeline/Pipeline.php(219): Illuminate/Http/Middleware/ValidatePostSize->handle(Object(Illuminate/Http/Request), Object(Closure))
#50 C:/xampp/htdocs/agendan8n/sistema-autonomo-comercial/vendor/laravel/framework/src/Illuminate/Foundation/Http/Middleware/PreventRequestsDuringMaintenance.php(109): Illuminate/Pipeline/Pipeline->Illuminate/Pipeline/{closure}(Object(Illuminate/Http/Request))
#51 C:/xampp/htdocs/agendan8n/sistema-autonomo-comercial/vendor/laravel/framework/src/Illuminate/Pipeline/Pipeline.php(219): Illuminate/Foundation/Http/Middleware/PreventRequestsDuringMaintenance->handle(Object(Illuminate/Http/Request), Object(Closure))
#52 C:/xampp/htdocs/agendan8n/sistema-autonomo-comercial/vendor/laravel/framework/src/Illuminate/Http/Middleware/HandleCors.php(61): Illuminate/Pipeline/Pipeline->Illuminate/Pipeline/{closure}(Object(Illuminate/Http/Request))
#53 C:/xampp/htdocs/agendan8n/sistema-autonomo-comercial/vendor/laravel/framework/src/Illuminate/Pipeline/Pipeline.php(219): Illuminate/Http/Middleware/HandleCors->handle(Object(Illuminate/Http/Request), Object(Closure))
#54 C:/xampp/htdocs/agendan8n/sistema-autonomo-comercial/vendor/laravel/framework/src/Illuminate/Http/Middleware/TrustProxies.php(58): Illuminate/Pipeline/Pipeline->Illuminate/Pipeline/{closure}(Object(Illuminate/Http/Request))
#55 C:/xampp/htdocs/agendan8n/sistema-autonomo-comercial/vendor/laravel/framework/src/Illuminate/Pipeline/Pipeline.php(219): Illuminate/Http/Middleware/TrustProxies->handle(Object(Illuminate/Http/Request), Object(Closure))
#56 C:/xampp/htdocs/agendan8n/sistema-autonomo-comercial/vendor/laravel/framework/src/Illuminate/Foundation/Http/Middleware/InvokeDeferredCallbacks.php(22): Illuminate/Pipeline/Pipeline->Illuminate/Pipeline/{closure}(Object(Illuminate/Http/Request))
#57 C:/xampp/htdocs/agendan8n/sistema-autonomo-comercial/vendor/laravel/framework/src/Illuminate/Pipeline/Pipeline.php(219): Illuminate/Foundation/Http/Middleware/InvokeDeferredCallbacks->handle(Object(Illuminate/Http/Request), Object(Closure))
#58 C:/xampp/htdocs/agendan8n/sistema-autonomo-comercial/vendor/laravel/framework/src/Illuminate/Http/Middleware/ValidatePathEncoding.php(26): Illuminate/Pipeline/Pipeline->Illuminate/Pipeline/{closure}(Object(Illuminate/Http/Request))
#59 C:/xampp/htdocs/agendan8n/sistema-autonomo-comercial/vendor/laravel/framework/src/Illuminate/Pipeline/Pipeline.php(219): Illuminate/Http/Middleware/ValidatePathEncoding->handle(Object(Illuminate/Http/Request), Object(Closure))
#60 C:/xampp/htdocs/agendan8n/sistema-autonomo-comercial/vendor/laravel/framework/src/Illuminate/Pipeline/Pipeline.php(137): Illuminate/Pipeline/Pipeline->Illuminate/Pipeline/{closure}(Object(Illuminate/Http/Request))
#61 C:/xampp/htdocs/agendan8n/sistema-autonomo-comercial/vendor/laravel/framework/src/Illuminate/Foundation/Http/Kernel.php(175): Illuminate/Pipeline/Pipeline->then(Object(Closure))
#62 C:/xampp/htdocs/agendan8n/sistema-autonomo-comercial/vendor/laravel/framework/src/Illuminate/Foundation/Http/Kernel.php(144): Illuminate/Foundation/Http/Kernel->sendRequestThroughRouter(Object(Illuminate/Http/Request))
#63 C:/xampp/htdocs/agendan8n/sistema-autonomo-comercial/vendor/laravel/framework/src/Illuminate/Foundation/Application.php(1220): Illuminate/Foundation/Http/Kernel->handle(Object(Illuminate/Http/Request))
#64 C:/xampp/htdocs/agendan8n/sistema-autonomo-comercial/public/index.php(20): Illuminate/Foundation/Application->handleRequest(Object(Illuminate/Http/Request))
#65 C:/xampp/htdocs/agendan8n/sistema-autonomo-comercial/vendor/laravel/framework/src/Illuminate/Foundation/resources/server.php(23): require_once('C://xampp//htdocs...')
#66 {main}
"} 
[2026-05-22 20:11:08] local.ERROR: Method Illuminate\Validation\Validator::validateRequiredWithoutAuthorContact does not exist. {"exception":"[object] (BadMethodCallException(code: 0): Method Illuminate\\Validation\\Validator::validateRequiredWithoutAuthorContact does not exist. at C:/xampp/htdocs/agendan8n/sistema-autonomo-comercial/vendor/laravel/framework/src/Illuminate/Validation/Validator.php:1773)
[stacktrace]
#0 C:/xampp/htdocs/agendan8n/sistema-autonomo-comercial/vendor/laravel/framework/src/Illuminate/Validation/Validator.php(726): Illuminate/Validation/Validator->__call('validateRequire...', Array)
#1 C:/xampp/htdocs/agendan8n/sistema-autonomo-comercial/vendor/laravel/framework/src/Illuminate/Validation/Validator.php(481): Illuminate/Validation/Validator->validateAttribute('name', 'RequiredWithout...')
#2 C:/xampp/htdocs/agendan8n/sistema-autonomo-comercial/vendor/laravel/framework/src/Illuminate/Validation/Validator.php(516): Illuminate/Validation/Validator->passes()
#3 C:/xampp/htdocs/agendan8n/sistema-autonomo-comercial/vendor/laravel/framework/src/Illuminate/Validation/Validator.php(598): Illuminate/Validation/Validator->fails()
#4 C:/xampp/htdocs/agendan8n/sistema-autonomo-comercial/vendor/laravel/framework/src/Illuminate/Foundation/Providers/FoundationServiceProvider.php(156): Illuminate/Validation/Validator->validate()
#5 C:/xampp/htdocs/agendan8n/sistema-autonomo-comercial/vendor/laravel/framework/src/Illuminate/Macroable/Traits/Macroable.php(132): Illuminate/Http/Request->Illuminate/Foundation/Providers/{closure}(Array)
#6 C:/xampp/htdocs/agendan8n/sistema-autonomo-comercial/app/Http/Controllers/Api/ChatbotApiController.php(148): Illuminate/Http/Request->__call('validate', Array)
#7 C:/xampp/htdocs/agendan8n/sistema-autonomo-comercial/vendor/laravel/framework/src/Illuminate/Routing/ControllerDispatcher.php(46): App/Http/Controllers/Api/ChatbotApiController->book(Object(Illuminate/Http/Request))
#8 C:/xampp/htdocs/agendan8n/sistema-autonomo-comercial/vendor/laravel/framework/src/Illuminate/Routing/Route.php(265): Illuminate/Routing/ControllerDispatcher->dispatch(Object(Illuminate/Routing/Route), Object(App/Http/Controllers/Api/ChatbotApiController), 'book')
#9 C:/xampp/htdocs/agendan8n/sistema-autonomo-comercial/vendor/laravel/framework/src/Illuminate/Routing/Route.php(211): Illuminate/Routing/Route->runController()
#10 C:/xampp/htdocs/agendan8n/sistema-autonomo-comercial/vendor/laravel/framework/src/Illuminate/Routing/Router.php(822): Illuminate/Routing/Route->run()
#11 C:/xampp/htdocs/agendan8n/sistema-autonomo-comercial/vendor/laravel/framework/src/Illuminate/Pipeline/Pipeline.php(180): Illuminate/Routing/Router->Illuminate/Routing/{closure}(Object(Illuminate/Http/Request))
#12 C:/xampp/htdocs/agendan8n/sistema-autonomo-comercial/app/Http/Middleware/EnsureTenantContext.php(44): Illuminate/Pipeline/Pipeline->Illuminate/Pipeline/{closure}(Object(Illuminate/Http/Request))
#13 C:/xampp/htdocs/agendan8n/sistema-autonomo-comercial/vendor/laravel/framework/src/Illuminate/Pipeline/Pipeline.php(219): App/Http/Middleware/EnsureTenantContext->handle(Object(Illuminate/Http/Request), Object(Closure))
#14 C:/xampp/htdocs/agendan8n/sistema-autonomo-comercial/vendor/laravel/framework/src/Illuminate/Routing/Middleware/SubstituteBindings.php(50): Illuminate/Pipeline/Pipeline->Illuminate/Pipeline/{closure}(Object(Illuminate/Http/Request))
#15 C:/xampp/htdocs/agendan8n/sistema-autonomo-comercial/vendor/laravel/framework/src/Illuminate/Pipeline/Pipeline.php(219): Illuminate/Routing/Middleware/SubstituteBindings->handle(Object(Illuminate/Http/Request), Object(Closure))
#16 C:/xampp/htdocs/agendan8n/sistema-autonomo-comercial/vendor/laravel/framework/src/Illuminate/Pipeline/Pipeline.php(137): Illuminate/Pipeline/Pipeline->Illuminate/Pipeline/{closure}(Object(Illuminate/Http/Request))
#17 C:/xampp/htdocs/agendan8n/sistema-autonomo-comercial/vendor/laravel/framework/src/Illuminate/Routing/Router.php(821): Illuminate/Pipeline/Pipeline->then(Object(Closure))
#18 C:/xampp/htdocs/agendan8n/sistema-autonomo-comercial/vendor/laravel/framework/src/Illuminate/Routing/Router.php(800): Illuminate/Routing/Router->runRouteWithinStack(Object(Illuminate/Routing/Route), Object(Illuminate/Http/Request))
#19 C:/xampp/htdocs/agendan8n/sistema-autonomo-comercial/vendor/laravel/framework/src/Illuminate/Routing/Router.php(764): Illuminate/Routing/Router->runRoute(Object(Illuminate/Http/Request), Object(Illuminate/Routing/Route))
#20 C:/xampp/htdocs/agendan8n/sistema-autonomo-comercial/vendor/laravel/framework/src/Illuminate/Routing/Router.php(753): Illuminate/Routing/Router->dispatchToRoute(Object(Illuminate/Http/Request))
#21 C:/xampp/htdocs/agendan8n/sistema-autonomo-comercial/vendor/laravel/framework/src/Illuminate/Foundation/Http/Kernel.php(200): Illuminate/Routing/Router->dispatch(Object(Illuminate/Http/Request))
#22 C:/xampp/htdocs/agendan8n/sistema-autonomo-comercial/vendor/laravel/framework/src/Illuminate/Pipeline/Pipeline.php(180): Illuminate/Foundation/Http/Kernel->Illuminate/Foundation/Http/{closure}(Object(Illuminate/Http/Request))
#23 C:/xampp/htdocs/agendan8n/sistema-autonomo-comercial/vendor/livewire/livewire/src/Features/SupportDisablingBackButtonCache/DisableBackButtonCacheMiddleware.php(19): Illuminate/Pipeline/Pipeline->Illuminate/Pipeline/{closure}(Object(Illuminate/Http/Request))
#24 C:/xampp/htdocs/agendan8n/sistema-autonomo-comercial/vendor/laravel/framework/src/Illuminate/Pipeline/Pipeline.php(219): Livewire/Features/SupportDisablingBackButtonCache/DisableBackButtonCacheMiddleware->handle(Object(Illuminate/Http/Request), Object(Closure))
#25 C:/xampp/htdocs/agendan8n/sistema-autonomo-comercial/vendor/laravel/framework/src/Illuminate/Foundation/Http/Middleware/TransformsRequest.php(21): Illuminate/Pipeline/Pipeline->Illuminate/Pipeline/{closure}(Object(Illuminate/Http/Request))
#26 C:/xampp/htdocs/agendan8n/sistema-autonomo-comercial/vendor/laravel/framework/src/Illuminate/Foundation/Http/Middleware/ConvertEmptyStringsToNull.php(31): Illuminate/Foundation/Http/Middleware/TransformsRequest->handle(Object(Illuminate/Http/Request), Object(Closure))
#27 C:/xampp/htdocs/agendan8n/sistema-autonomo-comercial/vendor/laravel/framework/src/Illuminate/Pipeline/Pipeline.php(219): Illuminate/Foundation/Http/Middleware/ConvertEmptyStringsToNull->handle(Object(Illuminate/Http/Request), Object(Closure))
#28 C:/xampp/htdocs/agendan8n/sistema-autonomo-comercial/vendor/laravel/framework/src/Illuminate/Foundation/Http/Middleware/TransformsRequest.php(21): Illuminate/Pipeline/Pipeline->Illuminate/Pipeline/{closure}(Object(Illuminate/Http/Request))
#29 C:/xampp/htdocs/agendan8n/sistema-autonomo-comercial/vendor/laravel/framework/src/Illuminate/Foundation/Http/Middleware/TrimStrings.php(51): Illuminate/Foundation/Http/Middleware/TransformsRequest->handle(Object(Illuminate/Http/Request), Object(Closure))
#30 C:/xampp/htdocs/agendan8n/sistema-autonomo-comercial/vendor/laravel/framework/src/Illuminate/Pipeline/Pipeline.php(219): Illuminate/Foundation/Http/Middleware/TrimStrings->handle(Object(Illuminate/Http/Request), Object(Closure))
#31 C:/xampp/htdocs/agendan8n/sistema-autonomo-comercial/vendor/laravel/framework/src/Illuminate/Http/Middleware/ValidatePostSize.php(27): Illuminate/Pipeline/Pipeline->Illuminate/Pipeline/{closure}(Object(Illuminate/Http/Request))
#32 C:/xampp/htdocs/agendan8n/sistema-autonomo-comercial/vendor/laravel/framework/src/Illuminate/Pipeline/Pipeline.php(219): Illuminate/Http/Middleware/ValidatePostSize->handle(Object(Illuminate/Http/Request), Object(Closure))
#33 C:/xampp/htdocs/agendan8n/sistema-autonomo-comercial/vendor/laravel/framework/src/Illuminate/Foundation/Http/Middleware/PreventRequestsDuringMaintenance.php(109): Illuminate/Pipeline/Pipeline->Illuminate/Pipeline/{closure}(Object(Illuminate/Http/Request))
#34 C:/xampp/htdocs/agendan8n/sistema-autonomo-comercial/vendor/laravel/framework/src/Illuminate/Pipeline/Pipeline.php(219): Illuminate/Foundation/Http/Middleware/PreventRequestsDuringMaintenance->handle(Object(Illuminate/Http/Request), Object(Closure))
#35 C:/xampp/htdocs/agendan8n/sistema-autonomo-comercial/vendor/laravel/framework/src/Illuminate/Http/Middleware/HandleCors.php(74): Illuminate/Pipeline/Pipeline->Illuminate/Pipeline/{closure}(Object(Illuminate/Http/Request))
#36 C:/xampp/htdocs/agendan8n/sistema-autonomo-comercial/vendor/laravel/framework/src/Illuminate/Pipeline/Pipeline.php(219): Illuminate/Http/Middleware/HandleCors->handle(Object(Illuminate/Http/Request), Object(Closure))
#37 C:/xampp/htdocs/agendan8n/sistema-autonomo-comercial/vendor/laravel/framework/src/Illuminate/Http/Middleware/TrustProxies.php(58): Illuminate/Pipeline/Pipeline->Illuminate/Pipeline/{closure}(Object(Illuminate/Http/Request))
#38 C:/xampp/htdocs/agendan8n/sistema-autonomo-comercial/vendor/laravel/framework/src/Illuminate/Pipeline/Pipeline.php(219): Illuminate/Http/Middleware/TrustProxies->handle(Object(Illuminate/Http/Request), Object(Closure))
#39 C:/xampp/htdocs/agendan8n/sistema-autonomo-comercial/vendor/laravel/framework/src/Illuminate/Foundation/Http/Middleware/InvokeDeferredCallbacks.php(22): Illuminate/Pipeline/Pipeline->Illuminate/Pipeline/{closure}(Object(Illuminate/Http/Request))
#40 C:/xampp/htdocs/agendan8n/sistema-autonomo-comercial/vendor/laravel/framework/src/Illuminate/Pipeline/Pipeline.php(219): Illuminate/Foundation/Http/Middleware/InvokeDeferredCallbacks->handle(Object(Illuminate/Http/Request), Object(Closure))
#41 C:/xampp/htdocs/agendan8n/sistema-autonomo-comercial/vendor/laravel/framework/src/Illuminate/Http/Middleware/ValidatePathEncoding.php(26): Illuminate/Pipeline/Pipeline->Illuminate/Pipeline/{closure}(Object(Illuminate/Http/Request))
#42 C:/xampp/htdocs/agendan8n/sistema-autonomo-comercial/vendor/laravel/framework/src/Illuminate/Pipeline/Pipeline.php(219): Illuminate/Http/Middleware/ValidatePathEncoding->handle(Object(Illuminate/Http/Request), Object(Closure))
#43 C:/xampp/htdocs/agendan8n/sistema-autonomo-comercial/vendor/laravel/framework/src/Illuminate/Pipeline/Pipeline.php(137): Illuminate/Pipeline/Pipeline->Illuminate/Pipeline/{closure}(Object(Illuminate/Http/Request))
#44 C:/xampp/htdocs/agendan8n/sistema-autonomo-comercial/vendor/laravel/framework/src/Illuminate/Foundation/Http/Kernel.php(175): Illuminate/Pipeline/Pipeline->then(Object(Closure))
#45 C:/xampp/htdocs/agendan8n/sistema-autonomo-comercial/vendor/laravel/framework/src/Illuminate/Foundation/Http/Kernel.php(144): Illuminate/Foundation/Http/Kernel->sendRequestThroughRouter(Object(Illuminate/Http/Request))
#46 C:/xampp/htdocs/agendan8n/sistema-autonomo-comercial/vendor/laravel/framework/src/Illuminate/Foundation/Application.php(1220): Illuminate/Foundation/Http/Kernel->handle(Object(Illuminate/Http/Request))
#47 C:/xampp/htdocs/agendan8n/sistema-autonomo-comercial/public/index.php(20): Illuminate/Foundation/Application->handleRequest(Object(Illuminate/Http/Request))
#48 C:/xampp/htdocs/agendan8n/sistema-autonomo-comercial/vendor/laravel/framework/src/Illuminate/Foundation/resources/server.php(23): require_once('C://xampp//htdocs...')
#49 {main}
"} 
[2026-05-22 20:11:44] local.ERROR: Method Illuminate\Validation\Validator::validateRequiredWithoutAuthorContact does not exist. {"exception":"[object] (BadMethodCallException(code: 0): Method Illuminate\\Validation\\Validator::validateRequiredWithoutAuthorContact does not exist. at C:/xampp/htdocs/agendan8n/sistema-autonomo-comercial/vendor/laravel/framework/src/Illuminate/Validation/Validator.php:1773)
[stacktrace]
#0 C:/xampp/htdocs/agendan8n/sistema-autonomo-comercial/vendor/laravel/framework/src/Illuminate/Validation/Validator.php(726): Illuminate/Validation/Validator->__call('validateRequire...', Array)
#1 C:/xampp/htdocs/agendan8n/sistema-autonomo-comercial/vendor/laravel/framework/src/Illuminate/Validation/Validator.php(481): Illuminate/Validation/Validator->validateAttribute('name', 'RequiredWithout...')
#2 C:/xampp/htdocs/agendan8n/sistema-autonomo-comercial/vendor/laravel/framework/src/Illuminate/Validation/Validator.php(516): Illuminate/Validation/Validator->passes()
#3 C:/xampp/htdocs/agendan8n/sistema-autonomo-comercial/vendor/laravel/framework/src/Illuminate/Validation/Validator.php(598): Illuminate/Validation/Validator->fails()
#4 C:/xampp/htdocs/agendan8n/sistema-autonomo-comercial/vendor/laravel/framework/src/Illuminate/Foundation/Providers/FoundationServiceProvider.php(156): Illuminate/Validation/Validator->validate()
#5 C:/xampp/htdocs/agendan8n/sistema-autonomo-comercial/vendor/laravel/framework/src/Illuminate/Macroable/Traits/Macroable.php(132): Illuminate/Http/Request->Illuminate/Foundation/Providers/{closure}(Array)
#6 C:/xampp/htdocs/agendan8n/sistema-autonomo-comercial/app/Http/Controllers/Api/ChatbotApiController.php(148): Illuminate/Http/Request->__call('validate', Array)
#7 C:/xampp/htdocs/agendan8n/sistema-autonomo-comercial/vendor/laravel/framework/src/Illuminate/Routing/ControllerDispatcher.php(46): App/Http/Controllers/Api/ChatbotApiController->book(Object(Illuminate/Http/Request))
#8 C:/xampp/htdocs/agendan8n/sistema-autonomo-comercial/vendor/laravel/framework/src/Illuminate/Routing/Route.php(265): Illuminate/Routing/ControllerDispatcher->dispatch(Object(Illuminate/Routing/Route), Object(App/Http/Controllers/Api/ChatbotApiController), 'book')
#9 C:/xampp/htdocs/agendan8n/sistema-autonomo-comercial/vendor/laravel/framework/src/Illuminate/Routing/Route.php(211): Illuminate/Routing/Route->runController()
#10 C:/xampp/htdocs/agendan8n/sistema-autonomo-comercial/vendor/laravel/framework/src/Illuminate/Routing/Router.php(822): Illuminate/Routing/Route->run()
#11 C:/xampp/htdocs/agendan8n/sistema-autonomo-comercial/vendor/laravel/framework/src/Illuminate/Pipeline/Pipeline.php(180): Illuminate/Routing/Router->Illuminate/Routing/{closure}(Object(Illuminate/Http/Request))
#12 C:/xampp/htdocs/agendan8n/sistema-autonomo-comercial/app/Http/Middleware/EnsureTenantContext.php(44): Illuminate/Pipeline/Pipeline->Illuminate/Pipeline/{closure}(Object(Illuminate/Http/Request))
#13 C:/xampp/htdocs/agendan8n/sistema-autonomo-comercial/vendor/laravel/framework/src/Illuminate/Pipeline/Pipeline.php(219): App/Http/Middleware/EnsureTenantContext->handle(Object(Illuminate/Http/Request), Object(Closure))
#14 C:/xampp/htdocs/agendan8n/sistema-autonomo-comercial/vendor/laravel/framework/src/Illuminate/Routing/Middleware/SubstituteBindings.php(50): Illuminate/Pipeline/Pipeline->Illuminate/Pipeline/{closure}(Object(Illuminate/Http/Request))
#15 C:/xampp/htdocs/agendan8n/sistema-autonomo-comercial/vendor/laravel/framework/src/Illuminate/Pipeline/Pipeline.php(219): Illuminate/Routing/Middleware/SubstituteBindings->handle(Object(Illuminate/Http/Request), Object(Closure))
#16 C:/xampp/htdocs/agendan8n/sistema-autonomo-comercial/vendor/laravel/framework/src/Illuminate/Pipeline/Pipeline.php(137): Illuminate/Pipeline/Pipeline->Illuminate/Pipeline/{closure}(Object(Illuminate/Http/Request))
#17 C:/xampp/htdocs/agendan8n/sistema-autonomo-comercial/vendor/laravel/framework/src/Illuminate/Routing/Router.php(821): Illuminate/Pipeline/Pipeline->then(Object(Closure))
#18 C:/xampp/htdocs/agendan8n/sistema-autonomo-comercial/vendor/laravel/framework/src/Illuminate/Routing/Router.php(800): Illuminate/Routing/Router->runRouteWithinStack(Object(Illuminate/Routing/Route), Object(Illuminate/Http/Request))
#19 C:/xampp/htdocs/agendan8n/sistema-autonomo-comercial/vendor/laravel/framework/src/Illuminate/Routing/Router.php(764): Illuminate/Routing/Router->runRoute(Object(Illuminate/Http/Request), Object(Illuminate/Routing/Route))
#20 C:/xampp/htdocs/agendan8n/sistema-autonomo-comercial/vendor/laravel/framework/src/Illuminate/Routing/Router.php(753): Illuminate/Routing/Router->dispatchToRoute(Object(Illuminate/Http/Request))
#21 C:/xampp/htdocs/agendan8n/sistema-autonomo-comercial/vendor/laravel/framework/src/Illuminate/Foundation/Http/Kernel.php(200): Illuminate/Routing/Router->dispatch(Object(Illuminate/Http/Request))
#22 C:/xampp/htdocs/agendan8n/sistema-autonomo-comercial/vendor/laravel/framework/src/Illuminate/Pipeline/Pipeline.php(180): Illuminate/Foundation/Http/Kernel->Illuminate/Foundation/Http/{closure}(Object(Illuminate/Http/Request))
#23 C:/xampp/htdocs/agendan8n/sistema-autonomo-comercial/vendor/livewire/livewire/src/Features/SupportDisablingBackButtonCache/DisableBackButtonCacheMiddleware.php(19): Illuminate/Pipeline/Pipeline->Illuminate/Pipeline/{closure}(Object(Illuminate/Http/Request))
#24 C:/xampp/htdocs/agendan8n/sistema-autonomo-comercial/vendor/laravel/framework/src/Illuminate/Pipeline/Pipeline.php(219): Livewire/Features/SupportDisablingBackButtonCache/DisableBackButtonCacheMiddleware->handle(Object(Illuminate/Http/Request), Object(Closure))
#25 C:/xampp/htdocs/agendan8n/sistema-autonomo-comercial/vendor/laravel/framework/src/Illuminate/Foundation/Http/Middleware/TransformsRequest.php(21): Illuminate/Pipeline/Pipeline->Illuminate/Pipeline/{closure}(Object(Illuminate/Http/Request))
#26 C:/xampp/htdocs/agendan8n/sistema-autonomo-comercial/vendor/laravel/framework/src/Illuminate/Foundation/Http/Middleware/ConvertEmptyStringsToNull.php(31): Illuminate/Foundation/Http/Middleware/TransformsRequest->handle(Object(Illuminate/Http/Request), Object(Closure))
#27 C:/xampp/htdocs/agendan8n/sistema-autonomo-comercial/vendor/laravel/framework/src/Illuminate/Pipeline/Pipeline.php(219): Illuminate/Foundation/Http/Middleware/ConvertEmptyStringsToNull->handle(Object(Illuminate/Http/Request), Object(Closure))
#28 C:/xampp/htdocs/agendan8n/sistema-autonomo-comercial/vendor/laravel/framework/src/Illuminate/Foundation/Http/Middleware/TransformsRequest.php(21): Illuminate/Pipeline/Pipeline->Illuminate/Pipeline/{closure}(Object(Illuminate/Http/Request))
#29 C:/xampp/htdocs/agendan8n/sistema-autonomo-comercial/vendor/laravel/framework/src/Illuminate/Foundation/Http/Middleware/TrimStrings.php(51): Illuminate/Foundation/Http/Middleware/TransformsRequest->handle(Object(Illuminate/Http/Request), Object(Closure))
#30 C:/xampp/htdocs/agendan8n/sistema-autonomo-comercial/vendor/laravel/framework/src/Illuminate/Pipeline/Pipeline.php(219): Illuminate/Foundation/Http/Middleware/TrimStrings->handle(Object(Illuminate/Http/Request), Object(Closure))
#31 C:/xampp/htdocs/agendan8n/sistema-autonomo-comercial/vendor/laravel/framework/src/Illuminate/Http/Middleware/ValidatePostSize.php(27): Illuminate/Pipeline/Pipeline->Illuminate/Pipeline/{closure}(Object(Illuminate/Http/Request))
#32 C:/xampp/htdocs/agendan8n/sistema-autonomo-comercial/vendor/laravel/framework/src/Illuminate/Pipeline/Pipeline.php(219): Illuminate/Http/Middleware/ValidatePostSize->handle(Object(Illuminate/Http/Request), Object(Closure))
#33 C:/xampp/htdocs/agendan8n/sistema-autonomo-comercial/vendor/laravel/framework/src/Illuminate/Foundation/Http/Middleware/PreventRequestsDuringMaintenance.php(109): Illuminate/Pipeline/Pipeline->Illuminate/Pipeline/{closure}(Object(Illuminate/Http/Request))
#34 C:/xampp/htdocs/agendan8n/sistema-autonomo-comercial/vendor/laravel/framework/src/Illuminate/Pipeline/Pipeline.php(219): Illuminate/Foundation/Http/Middleware/PreventRequestsDuringMaintenance->handle(Object(Illuminate/Http/Request), Object(Closure))
#35 C:/xampp/htdocs/agendan8n/sistema-autonomo-comercial/vendor/laravel/framework/src/Illuminate/Http/Middleware/HandleCors.php(74): Illuminate/Pipeline/Pipeline->Illuminate/Pipeline/{closure}(Object(Illuminate/Http/Request))
#36 C:/xampp/htdocs/agendan8n/sistema-autonomo-comercial/vendor/laravel/framework/src/Illuminate/Pipeline/Pipeline.php(219): Illuminate/Http/Middleware/HandleCors->handle(Object(Illuminate/Http/Request), Object(Closure))
#37 C:/xampp/htdocs/agendan8n/sistema-autonomo-comercial/vendor/laravel/framework/src/Illuminate/Http/Middleware/TrustProxies.php(58): Illuminate/Pipeline/Pipeline->Illuminate/Pipeline/{closure}(Object(Illuminate/Http/Request))
#38 C:/xampp/htdocs/agendan8n/sistema-autonomo-comercial/vendor/laravel/framework/src/Illuminate/Pipeline/Pipeline.php(219): Illuminate/Http/Middleware/TrustProxies->handle(Object(Illuminate/Http/Request), Object(Closure))
#39 C:/xampp/htdocs/agendan8n/sistema-autonomo-comercial/vendor/laravel/framework/src/Illuminate/Foundation/Http/Middleware/InvokeDeferredCallbacks.php(22): Illuminate/Pipeline/Pipeline->Illuminate/Pipeline/{closure}(Object(Illuminate/Http/Request))
#40 C:/xampp/htdocs/agendan8n/sistema-autonomo-comercial/vendor/laravel/framework/src/Illuminate/Pipeline/Pipeline.php(219): Illuminate/Foundation/Http/Middleware/InvokeDeferredCallbacks->handle(Object(Illuminate/Http/Request), Object(Closure))
#41 C:/xampp/htdocs/agendan8n/sistema-autonomo-comercial/vendor/laravel/framework/src/Illuminate/Http/Middleware/ValidatePathEncoding.php(26): Illuminate/Pipeline/Pipeline->Illuminate/Pipeline/{closure}(Object(Illuminate/Http/Request))
#42 C:/xampp/htdocs/agendan8n/sistema-autonomo-comercial/vendor/laravel/framework/src/Illuminate/Pipeline/Pipeline.php(219): Illuminate/Http/Middleware/ValidatePathEncoding->handle(Object(Illuminate/Http/Request), Object(Closure))
#43 C:/xampp/htdocs/agendan8n/sistema-autonomo-comercial/vendor/laravel/framework/src/Illuminate/Pipeline/Pipeline.php(137): Illuminate/Pipeline/Pipeline->Illuminate/Pipeline/{closure}(Object(Illuminate/Http/Request))
#44 C:/xampp/htdocs/agendan8n/sistema-autonomo-comercial/vendor/laravel/framework/src/Illuminate/Foundation/Http/Kernel.php(175): Illuminate/Pipeline/Pipeline->then(Object(Closure))
#45 C:/xampp/htdocs/agendan8n/sistema-autonomo-comercial/vendor/laravel/framework/src/Illuminate/Foundation/Http/Kernel.php(144): Illuminate/Foundation/Http/Kernel->sendRequestThroughRouter(Object(Illuminate/Http/Request))
#46 C:/xampp/htdocs/agendan8n/sistema-autonomo-comercial/vendor/laravel/framework/src/Illuminate/Foundation/Application.php(1220): Illuminate/Foundation/Http/Kernel->handle(Object(Illuminate/Http/Request))
#47 C:/xampp/htdocs/agendan8n/sistema-autonomo-comercial/public/index.php(20): Illuminate/Foundation/Application->handleRequest(Object(Illuminate/Http/Request))
#48 C:/xampp/htdocs/agendan8n/sistema-autonomo-comercial/vendor/laravel/framework/src/Illuminate/Foundation/resources/server.php(23): require_once('C://xampp//htdocs...')
#49 {main}
"} 
[2026-05-23 19:12:35] local.ERROR: SQLSTATE[42S02]: Base table or view not found: 1146 Table 'performance_schema.session_status' doesn't exist (Connection: mysql, Host: 127.0.0.1, Port: 3306, Database: sac_db, SQL: select variable_value as `Value` from performance_schema.session_status where variable_name = 'threads_connected') {"exception":"[object] (Illuminate\\Database\\QueryException(code: 42S02): SQLSTATE[42S02]: Base table or view not found: 1146 Table 'performance_schema.session_status' doesn't exist (Connection: mysql, Host: 127.0.0.1, Port: 3306, Database: sac_db, SQL: select variable_value as `Value` from performance_schema.session_status where variable_name = 'threads_connected') at C:/xampp/htdocs/agendan8n/sistema-autonomo-comercial/vendor/laravel/framework/src/Illuminate/Database/Connection.php:838)
[stacktrace]
#0 C:/xampp/htdocs/agendan8n/sistema-autonomo-comercial/vendor/laravel/framework/src/Illuminate/Database/Connection.php(794): Illuminate/Database/Connection->runQueryCallback('select variable...', Array, Object(Closure))
#1 C:/xampp/htdocs/agendan8n/sistema-autonomo-comercial/vendor/laravel/framework/src/Illuminate/Database/Connection.php(411): Illuminate/Database/Connection->run('select variable...', Array, Object(Closure))
#2 C:/xampp/htdocs/agendan8n/sistema-autonomo-comercial/vendor/laravel/framework/src/Illuminate/Database/Connection.php(357): Illuminate/Database/Connection->select('select variable...', Array, true)
#3 C:/xampp/htdocs/agendan8n/sistema-autonomo-comercial/vendor/laravel/framework/src/Illuminate/Database/Connection.php(374): Illuminate/Database/Connection->selectOne('select variable...', Array, true)
#4 C:/xampp/htdocs/agendan8n/sistema-autonomo-comercial/vendor/laravel/framework/src/Illuminate/Database/Connection.php(649): Illuminate/Database/Connection->scalar('select variable...')
#5 C:/xampp/htdocs/agendan8n/sistema-autonomo-comercial/vendor/laravel/framework/src/Illuminate/Database/Console/MonitorCommand.php(89): Illuminate/Database/Connection->threadCount()
#6 [internal function]: Illuminate/Database/Console/MonitorCommand->Illuminate/Database/Console/{closure}('mysql', 0)
#7 C:/xampp/htdocs/agendan8n/sistema-autonomo-comercial/vendor/laravel/framework/src/Illuminate/Collections/Arr.php(841): array_map(Object(Closure), Array, Array)
#8 C:/xampp/htdocs/agendan8n/sistema-autonomo-comercial/vendor/laravel/framework/src/Illuminate/Collections/Collection.php(829): Illuminate/Support/Arr::map(Array, Object(Closure))
#9 C:/xampp/htdocs/agendan8n/sistema-autonomo-comercial/vendor/laravel/framework/src/Illuminate/Database/Console/MonitorCommand.php(82): Illuminate/Support/Collection->map(Object(Closure))
#10 C:/xampp/htdocs/agendan8n/sistema-autonomo-comercial/vendor/laravel/framework/src/Illuminate/Database/Console/MonitorCommand.php(65): Illuminate/Database/Console/MonitorCommand->parseDatabases(NULL)
#11 C:/xampp/htdocs/agendan8n/sistema-autonomo-comercial/vendor/laravel/framework/src/Illuminate/Container/BoundMethod.php(36): Illuminate/Database/Console/MonitorCommand->handle()
#12 C:/xampp/htdocs/agendan8n/sistema-autonomo-comercial/vendor/laravel/framework/src/Illuminate/Container/Util.php(43): Illuminate/Container/BoundMethod::Illuminate/Container/{closure}()
#13 C:/xampp/htdocs/agendan8n/sistema-autonomo-comercial/vendor/laravel/framework/src/Illuminate/Container/BoundMethod.php(96): Illuminate/Container/Util::unwrapIfClosure(Object(Closure))
#14 C:/xampp/htdocs/agendan8n/sistema-autonomo-comercial/vendor/laravel/framework/src/Illuminate/Container/BoundMethod.php(35): Illuminate/Container/BoundMethod::callBoundMethod(Object(Illuminate/Foundation/Application), Array, Object(Closure))
#15 C:/xampp/htdocs/agendan8n/sistema-autonomo-comercial/vendor/laravel/framework/src/Illuminate/Container/Container.php(799): Illuminate/Container/BoundMethod::call(Object(Illuminate/Foundation/Application), Array, Array, NULL)
#16 C:/xampp/htdocs/agendan8n/sistema-autonomo-comercial/vendor/laravel/framework/src/Illuminate/Console/Command.php(211): Illuminate/Container/Container->call(Array)
#17 C:/xampp/htdocs/agendan8n/sistema-autonomo-comercial/vendor/symfony/console/Command/Command.php(341): Illuminate/Console/Command->execute(Object(Symfony/Component/Console/Input/ArgvInput), Object(Illuminate/Console/OutputStyle))
#18 C:/xampp/htdocs/agendan8n/sistema-autonomo-comercial/vendor/laravel/framework/src/Illuminate/Console/Command.php(180): Symfony/Component/Console/Command/Command->run(Object(Symfony/Component/Console/Input/ArgvInput), Object(Illuminate/Console/OutputStyle))
#19 C:/xampp/htdocs/agendan8n/sistema-autonomo-comercial/vendor/symfony/console/Application.php(1117): Illuminate/Console/Command->run(Object(Symfony/Component/Console/Input/ArgvInput), Object(Symfony/Component/Console/Output/ConsoleOutput))
#20 C:/xampp/htdocs/agendan8n/sistema-autonomo-comercial/vendor/symfony/console/Application.php(356): Symfony/Component/Console/Application->doRunCommand(Object(Illuminate/Database/Console/MonitorCommand), Object(Symfony/Component/Console/Input/ArgvInput), Object(Symfony/Component/Console/Output/ConsoleOutput))
#21 C:/xampp/htdocs/agendan8n/sistema-autonomo-comercial/vendor/symfony/console/Application.php(195): Symfony/Component/Console/Application->doRun(Object(Symfony/Component/Console/Input/ArgvInput), Object(Symfony/Component/Console/Output/ConsoleOutput))
#22 C:/xampp/htdocs/agendan8n/sistema-autonomo-comercial/vendor/laravel/framework/src/Illuminate/Foundation/Console/Kernel.php(198): Symfony/Component/Console/Application->run(Object(Symfony/Component/Console/Input/ArgvInput), Object(Symfony/Component/Console/Output/ConsoleOutput))
#23 C:/xampp/htdocs/agendan8n/sistema-autonomo-comercial/vendor/laravel/framework/src/Illuminate/Foundation/Application.php(1235): Illuminate/Foundation/Console/Kernel->handle(Object(Symfony/Component/Console/Input/ArgvInput), Object(Symfony/Component/Console/Output/ConsoleOutput))
#24 C:/xampp/htdocs/agendan8n/sistema-autonomo-comercial/artisan(16): Illuminate/Foundation/Application->handleCommand(Object(Symfony/Component/Console/Input/ArgvInput))
#25 {main}

[previous exception] [object] (PDOException(code: 42S02): SQLSTATE[42S02]: Base table or view not found: 1146 Table 'performance_schema.session_status' doesn't exist at C:/xampp/htdocs/agendan8n/sistema-autonomo-comercial/vendor/laravel/framework/src/Illuminate/Database/Connection.php:420)
[stacktrace]
#0 C:/xampp/htdocs/agendan8n/sistema-autonomo-comercial/vendor/laravel/framework/src/Illuminate/Database/Connection.php(420): PDO->prepare('select variable...')
#1 C:/xampp/htdocs/agendan8n/sistema-autonomo-comercial/vendor/laravel/framework/src/Illuminate/Database/Connection.php(827): Illuminate/Database/Connection->Illuminate/Database/{closure}('select variable...', Array)
#2 C:/xampp/htdocs/agendan8n/sistema-autonomo-comercial/vendor/laravel/framework/src/Illuminate/Database/Connection.php(794): Illuminate/Database/Connection->runQueryCallback('select variable...', Array, Object(Closure))
#3 C:/xampp/htdocs/agendan8n/sistema-autonomo-comercial/vendor/laravel/framework/src/Illuminate/Database/Connection.php(411): Illuminate/Database/Connection->run('select variable...', Array, Object(Closure))
#4 C:/xampp/htdocs/agendan8n/sistema-autonomo-comercial/vendor/laravel/framework/src/Illuminate/Database/Connection.php(357): Illuminate/Database/Connection->select('select variable...', Array, true)
#5 C:/xampp/htdocs/agendan8n/sistema-autonomo-comercial/vendor/laravel/framework/src/Illuminate/Database/Connection.php(374): Illuminate/Database/Connection->selectOne('select variable...', Array, true)
#6 C:/xampp/htdocs/agendan8n/sistema-autonomo-comercial/vendor/laravel/framework/src/Illuminate/Database/Connection.php(649): Illuminate/Database/Connection->scalar('select variable...')
#7 C:/xampp/htdocs/agendan8n/sistema-autonomo-comercial/vendor/laravel/framework/src/Illuminate/Database/Console/MonitorCommand.php(89): Illuminate/Database/Connection->threadCount()
#8 [internal function]: Illuminate/Database/Console/MonitorCommand->Illuminate/Database/Console/{closure}('mysql', 0)
#9 C:/xampp/htdocs/agendan8n/sistema-autonomo-comercial/vendor/laravel/framework/src/Illuminate/Collections/Arr.php(841): array_map(Object(Closure), Array, Array)
#10 C:/xampp/htdocs/agendan8n/sistema-autonomo-comercial/vendor/laravel/framework/src/Illuminate/Collections/Collection.php(829): Illuminate/Support/Arr::map(Array, Object(Closure))
#11 C:/xampp/htdocs/agendan8n/sistema-autonomo-comercial/vendor/laravel/framework/src/Illuminate/Database/Console/MonitorCommand.php(82): Illuminate/Support/Collection->map(Object(Closure))
#12 C:/xampp/htdocs/agendan8n/sistema-autonomo-comercial/vendor/laravel/framework/src/Illuminate/Database/Console/MonitorCommand.php(65): Illuminate/Database/Console/MonitorCommand->parseDatabases(NULL)
#13 C:/xampp/htdocs/agendan8n/sistema-autonomo-comercial/vendor/laravel/framework/src/Illuminate/Container/BoundMethod.php(36): Illuminate/Database/Console/MonitorCommand->handle()
#14 C:/xampp/htdocs/agendan8n/sistema-autonomo-comercial/vendor/laravel/framework/src/Illuminate/Container/Util.php(43): Illuminate/Container/BoundMethod::Illuminate/Container/{closure}()
#15 C:/xampp/htdocs/agendan8n/sistema-autonomo-comercial/vendor/laravel/framework/src/Illuminate/Container/BoundMethod.php(96): Illuminate/Container/Util::unwrapIfClosure(Object(Closure))
#16 C:/xampp/htdocs/agendan8n/sistema-autonomo-comercial/vendor/laravel/framework/src/Illuminate/Container/BoundMethod.php(35): Illuminate/Container/BoundMethod::callBoundMethod(Object(Illuminate/Foundation/Application), Array, Object(Closure))
#17 C:/xampp/htdocs/agendan8n/sistema-autonomo-comercial/vendor/laravel/framework/src/Illuminate/Container/Container.php(799): Illuminate/Container/BoundMethod::call(Object(Illuminate/Foundation/Application), Array, Array, NULL)
#18 C:/xampp/htdocs/agendan8n/sistema-autonomo-comercial/vendor/laravel/framework/src/Illuminate/Console/Command.php(211): Illuminate/Container/Container->call(Array)
#19 C:/xampp/htdocs/agendan8n/sistema-autonomo-comercial/vendor/symfony/console/Command/Command.php(341): Illuminate/Console/Command->execute(Object(Symfony/Component/Console/Input/ArgvInput), Object(Illuminate/Console/OutputStyle))
#20 C:/xampp/htdocs/agendan8n/sistema-autonomo-comercial/vendor/laravel/framework/src/Illuminate/Console/Command.php(180): Symfony/Component/Console/Command/Command->run(Object(Symfony/Component/Console/Input/ArgvInput), Object(Illuminate/Console/OutputStyle))
#21 C:/xampp/htdocs/agendan8n/sistema-autonomo-comercial/vendor/symfony/console/Application.php(1117): Illuminate/Console/Command->run(Object(Symfony/Component/Console/Input/ArgvInput), Object(Symfony/Component/Console/Output/ConsoleOutput))
#22 C:/xampp/htdocs/agendan8n/sistema-autonomo-comercial/vendor/symfony/console/Application.php(356): Symfony/Component/Console/Application->doRunCommand(Object(Illuminate/Database/Console/MonitorCommand), Object(Symfony/Component/Console/Input/ArgvInput), Object(Symfony/Component/Console/Output/ConsoleOutput))
#23 C:/xampp/htdocs/agendan8n/sistema-autonomo-comercial/vendor/symfony/console/Application.php(195): Symfony/Component/Console/Application->doRun(Object(Symfony/Component/Console/Input/ArgvInput), Object(Symfony/Component/Console/Output/ConsoleOutput))
#24 C:/xampp/htdocs/agendan8n/sistema-autonomo-comercial/vendor/laravel/framework/src/Illuminate/Foundation/Console/Kernel.php(198): Symfony/Component/Console/Application->run(Object(Symfony/Component/Console/Input/ArgvInput), Object(Symfony/Component/Console/Output/ConsoleOutput))
#25 C:/xampp/htdocs/agendan8n/sistema-autonomo-comercial/vendor/laravel/framework/src/Illuminate/Foundation/Application.php(1235): Illuminate/Foundation/Console/Kernel->handle(Object(Symfony/Component/Console/Input/ArgvInput), Object(Symfony/Component/Console/Output/ConsoleOutput))
#26 C:/xampp/htdocs/agendan8n/sistema-autonomo-comercial/artisan(16): Illuminate/Foundation/Application->handleCommand(Object(Symfony/Component/Console/Input/ArgvInput))
#27 {main}
"} 
[2026-05-25 19:11:22] local.ERROR: PHP Parse error: Syntax error, unexpected T_NS_SEPARATOR on line 2 {"exception":"[object] (Psy\\Exception\\ParseErrorException(code: 0): PHP Parse error: Syntax error, unexpected T_NS_SEPARATOR on line 2 at C:/xampp/htdocs/agendan8n/sistema-autonomo-comercial/vendor/psy/psysh/src/Exception/ParseErrorException.php:44)
[stacktrace]
#0 C:/xampp/htdocs/agendan8n/sistema-autonomo-comercial/vendor/psy/psysh/src/CodeCleaner.php(657): Psy/Exception/ParseErrorException::fromParseError(Object(PhpParser/Error))
#1 C:/xampp/htdocs/agendan8n/sistema-autonomo-comercial/vendor/psy/psysh/src/CodeCleaner.php(273): Psy/CodeCleaner->parse('<?php /n// = new ...', false)
#2 C:/xampp/htdocs/agendan8n/sistema-autonomo-comercial/vendor/psy/psysh/src/Shell.php(1358): Psy/CodeCleaner->clean(Array, false)
#3 C:/xampp/htdocs/agendan8n/sistema-autonomo-comercial/vendor/psy/psysh/src/Shell.php(1465): Psy/Shell->appendCode('/n// = new App//Ht...', true, false)
#4 C:/xampp/htdocs/agendan8n/sistema-autonomo-comercial/vendor/psy/psysh/src/Shell.php(2173): Psy/Shell->setCode('/n// = new App//Ht...', true)
#5 C:/xampp/htdocs/agendan8n/sistema-autonomo-comercial/vendor/laravel/tinker/src/Console/TinkerCommand.php(77): Psy/Shell->execute('/n// = new App//Ht...')
#6 C:/xampp/htdocs/agendan8n/sistema-autonomo-comercial/vendor/laravel/framework/src/Illuminate/Container/BoundMethod.php(36): Laravel/Tinker/Console/TinkerCommand->handle()
#7 C:/xampp/htdocs/agendan8n/sistema-autonomo-comercial/vendor/laravel/framework/src/Illuminate/Container/Util.php(43): Illuminate/Container/BoundMethod::Illuminate/Container/{closure}()
#8 C:/xampp/htdocs/agendan8n/sistema-autonomo-comercial/vendor/laravel/framework/src/Illuminate/Container/BoundMethod.php(96): Illuminate/Container/Util::unwrapIfClosure(Object(Closure))
#9 C:/xampp/htdocs/agendan8n/sistema-autonomo-comercial/vendor/laravel/framework/src/Illuminate/Container/BoundMethod.php(35): Illuminate/Container/BoundMethod::callBoundMethod(Object(Illuminate/Foundation/Application), Array, Object(Closure))
#10 C:/xampp/htdocs/agendan8n/sistema-autonomo-comercial/vendor/laravel/framework/src/Illuminate/Container/Container.php(799): Illuminate/Container/BoundMethod::call(Object(Illuminate/Foundation/Application), Array, Array, NULL)
#11 C:/xampp/htdocs/agendan8n/sistema-autonomo-comercial/vendor/laravel/framework/src/Illuminate/Console/Command.php(211): Illuminate/Container/Container->call(Array)
#12 C:/xampp/htdocs/agendan8n/sistema-autonomo-comercial/vendor/symfony/console/Command/Command.php(341): Illuminate/Console/Command->execute(Object(Symfony/Component/Console/Input/ArgvInput), Object(Illuminate/Console/OutputStyle))
#13 C:/xampp/htdocs/agendan8n/sistema-autonomo-comercial/vendor/laravel/framework/src/Illuminate/Console/Command.php(180): Symfony/Component/Console/Command/Command->run(Object(Symfony/Component/Console/Input/ArgvInput), Object(Illuminate/Console/OutputStyle))
#14 C:/xampp/htdocs/agendan8n/sistema-autonomo-comercial/vendor/symfony/console/Application.php(1117): Illuminate/Console/Command->run(Object(Symfony/Component/Console/Input/ArgvInput), Object(Symfony/Component/Console/Output/ConsoleOutput))
#15 C:/xampp/htdocs/agendan8n/sistema-autonomo-comercial/vendor/symfony/console/Application.php(356): Symfony/Component/Console/Application->doRunCommand(Object(Laravel/Tinker/Console/TinkerCommand), Object(Symfony/Component/Console/Input/ArgvInput), Object(Symfony/Component/Console/Output/ConsoleOutput))
#16 C:/xampp/htdocs/agendan8n/sistema-autonomo-comercial/vendor/symfony/console/Application.php(195): Symfony/Component/Console/Application->doRun(Object(Symfony/Component/Console/Input/ArgvInput), Object(Symfony/Component/Console/Output/ConsoleOutput))
#17 C:/xampp/htdocs/agendan8n/sistema-autonomo-comercial/vendor/laravel/framework/src/Illuminate/Foundation/Console/Kernel.php(198): Symfony/Component/Console/Application->run(Object(Symfony/Component/Console/Input/ArgvInput), Object(Symfony/Component/Console/Output/ConsoleOutput))
#18 C:/xampp/htdocs/agendan8n/sistema-autonomo-comercial/vendor/laravel/framework/src/Illuminate/Foundation/Application.php(1235): Illuminate/Foundation/Console/Kernel->handle(Object(Symfony/Component/Console/Input/ArgvInput), Object(Symfony/Component/Console/Output/ConsoleOutput))
#19 C:/xampp/htdocs/agendan8n/sistema-autonomo-comercial/artisan(16): Illuminate/Foundation/Application->handleCommand(Object(Symfony/Component/Console/Input/ArgvInput))
#20 {main}
"} 
[2026-05-26 17:59:17] local.ERROR: PHP Parse error: Syntax error, unexpected '=' on line 1 {"exception":"[object] (Psy\\Exception\\ParseErrorException(code: 0): PHP Parse error: Syntax error, unexpected '=' on line 1 at C:/xampp/htdocs/agendan8n/sistema-autonomo-comercial/vendor/psy/psysh/src/Exception/ParseErrorException.php:44)
[stacktrace]
#0 C:/xampp/htdocs/agendan8n/sistema-autonomo-comercial/vendor/psy/psysh/src/CodeCleaner.php(657): Psy/Exception/ParseErrorException::fromParseError(Object(PhpParser/Error))
#1 C:/xampp/htdocs/agendan8n/sistema-autonomo-comercial/vendor/psy/psysh/src/CodeCleaner.php(273): Psy/CodeCleaner->parse('<?php  = App//Mo...', false)
#2 C:/xampp/htdocs/agendan8n/sistema-autonomo-comercial/vendor/psy/psysh/src/Shell.php(1358): Psy/CodeCleaner->clean(Array, false)
#3 C:/xampp/htdocs/agendan8n/sistema-autonomo-comercial/vendor/psy/psysh/src/Shell.php(1465): Psy/Shell->appendCode(' = App//Models//U...', true, false)
#4 C:/xampp/htdocs/agendan8n/sistema-autonomo-comercial/vendor/psy/psysh/src/Shell.php(2173): Psy/Shell->setCode(' = App//Models//U...', true)
#5 C:/xampp/htdocs/agendan8n/sistema-autonomo-comercial/vendor/laravel/tinker/src/Console/TinkerCommand.php(77): Psy/Shell->execute(' = App//Models//U...')
#6 C:/xampp/htdocs/agendan8n/sistema-autonomo-comercial/vendor/laravel/framework/src/Illuminate/Container/BoundMethod.php(36): Laravel/Tinker/Console/TinkerCommand->handle()
#7 C:/xampp/htdocs/agendan8n/sistema-autonomo-comercial/vendor/laravel/framework/src/Illuminate/Container/Util.php(43): Illuminate/Container/BoundMethod::Illuminate/Container/{closure}()
#8 C:/xampp/htdocs/agendan8n/sistema-autonomo-comercial/vendor/laravel/framework/src/Illuminate/Container/BoundMethod.php(96): Illuminate/Container/Util::unwrapIfClosure(Object(Closure))
#9 C:/xampp/htdocs/agendan8n/sistema-autonomo-comercial/vendor/laravel/framework/src/Illuminate/Container/BoundMethod.php(35): Illuminate/Container/BoundMethod::callBoundMethod(Object(Illuminate/Foundation/Application), Array, Object(Closure))
#10 C:/xampp/htdocs/agendan8n/sistema-autonomo-comercial/vendor/laravel/framework/src/Illuminate/Container/Container.php(799): Illuminate/Container/BoundMethod::call(Object(Illuminate/Foundation/Application), Array, Array, NULL)
#11 C:/xampp/htdocs/agendan8n/sistema-autonomo-comercial/vendor/laravel/framework/src/Illuminate/Console/Command.php(211): Illuminate/Container/Container->call(Array)
#12 C:/xampp/htdocs/agendan8n/sistema-autonomo-comercial/vendor/symfony/console/Command/Command.php(341): Illuminate/Console/Command->execute(Object(Symfony/Component/Console/Input/ArgvInput), Object(Illuminate/Console/OutputStyle))
#13 C:/xampp/htdocs/agendan8n/sistema-autonomo-comercial/vendor/laravel/framework/src/Illuminate/Console/Command.php(180): Symfony/Component/Console/Command/Command->run(Object(Symfony/Component/Console/Input/ArgvInput), Object(Illuminate/Console/OutputStyle))
#14 C:/xampp/htdocs/agendan8n/sistema-autonomo-comercial/vendor/symfony/console/Application.php(1117): Illuminate/Console/Command->run(Object(Symfony/Component/Console/Input/ArgvInput), Object(Symfony/Component/Console/Output/ConsoleOutput))
#15 C:/xampp/htdocs/agendan8n/sistema-autonomo-comercial/vendor/symfony/console/Application.php(356): Symfony/Component/Console/Application->doRunCommand(Object(Laravel/Tinker/Console/TinkerCommand), Object(Symfony/Component/Console/Input/ArgvInput), Object(Symfony/Component/Console/Output/ConsoleOutput))
#16 C:/xampp/htdocs/agendan8n/sistema-autonomo-comercial/vendor/symfony/console/Application.php(195): Symfony/Component/Console/Application->doRun(Object(Symfony/Component/Console/Input/ArgvInput), Object(Symfony/Component/Console/Output/ConsoleOutput))
#17 C:/xampp/htdocs/agendan8n/sistema-autonomo-comercial/vendor/laravel/framework/src/Illuminate/Foundation/Console/Kernel.php(198): Symfony/Component/Console/Application->run(Object(Symfony/Component/Console/Input/ArgvInput), Object(Symfony/Component/Console/Output/ConsoleOutput))
#18 C:/xampp/htdocs/agendan8n/sistema-autonomo-comercial/vendor/laravel/framework/src/Illuminate/Foundation/Application.php(1235): Illuminate/Foundation/Console/Kernel->handle(Object(Symfony/Component/Console/Input/ArgvInput), Object(Symfony/Component/Console/Output/ConsoleOutput))
#19 C:/xampp/htdocs/agendan8n/sistema-autonomo-comercial/artisan(16): Illuminate/Foundation/Application->handleCommand(Object(Symfony/Component/Console/Input/ArgvInput))
#20 {main}
"} 
[2026-05-27 14:38:20] local.ERROR: PHP Parse error: Syntax error, unexpected '=' on line 1 {"exception":"[object] (Psy\\Exception\\ParseErrorException(code: 0): PHP Parse error: Syntax error, unexpected '=' on line 1 at C:/xampp/htdocs/agendan8n/sistema-autonomo-comercial/vendor/psy/psysh/src/Exception/ParseErrorException.php:44)
[stacktrace]
#0 C:/xampp/htdocs/agendan8n/sistema-autonomo-comercial/vendor/psy/psysh/src/CodeCleaner.php(657): Psy/Exception/ParseErrorException::fromParseError(Object(PhpParser/Error))
#1 C:/xampp/htdocs/agendan8n/sistema-autonomo-comercial/vendor/psy/psysh/src/CodeCleaner.php(273): Psy/CodeCleaner->parse('<?php  = App//Mo...', false)
#2 C:/xampp/htdocs/agendan8n/sistema-autonomo-comercial/vendor/psy/psysh/src/Shell.php(1358): Psy/CodeCleaner->clean(Array, false)
#3 C:/xampp/htdocs/agendan8n/sistema-autonomo-comercial/vendor/psy/psysh/src/Shell.php(1465): Psy/Shell->appendCode(' = App//Models//C...', true, false)
#4 C:/xampp/htdocs/agendan8n/sistema-autonomo-comercial/vendor/psy/psysh/src/Shell.php(2173): Psy/Shell->setCode(' = App//Models//C...', true)
#5 C:/xampp/htdocs/agendan8n/sistema-autonomo-comercial/vendor/laravel/tinker/src/Console/TinkerCommand.php(77): Psy/Shell->execute(' = App//Models//C...')
#6 C:/xampp/htdocs/agendan8n/sistema-autonomo-comercial/vendor/laravel/framework/src/Illuminate/Container/BoundMethod.php(36): Laravel/Tinker/Console/TinkerCommand->handle()
#7 C:/xampp/htdocs/agendan8n/sistema-autonomo-comercial/vendor/laravel/framework/src/Illuminate/Container/Util.php(43): Illuminate/Container/BoundMethod::Illuminate/Container/{closure}()
#8 C:/xampp/htdocs/agendan8n/sistema-autonomo-comercial/vendor/laravel/framework/src/Illuminate/Container/BoundMethod.php(96): Illuminate/Container/Util::unwrapIfClosure(Object(Closure))
#9 C:/xampp/htdocs/agendan8n/sistema-autonomo-comercial/vendor/laravel/framework/src/Illuminate/Container/BoundMethod.php(35): Illuminate/Container/BoundMethod::callBoundMethod(Object(Illuminate/Foundation/Application), Array, Object(Closure))
#10 C:/xampp/htdocs/agendan8n/sistema-autonomo-comercial/vendor/laravel/framework/src/Illuminate/Container/Container.php(799): Illuminate/Container/BoundMethod::call(Object(Illuminate/Foundation/Application), Array, Array, NULL)
#11 C:/xampp/htdocs/agendan8n/sistema-autonomo-comercial/vendor/laravel/framework/src/Illuminate/Console/Command.php(211): Illuminate/Container/Container->call(Array)
#12 C:/xampp/htdocs/agendan8n/sistema-autonomo-comercial/vendor/symfony/console/Command/Command.php(341): Illuminate/Console/Command->execute(Object(Symfony/Component/Console/Input/ArgvInput), Object(Illuminate/Console/OutputStyle))
#13 C:/xampp/htdocs/agendan8n/sistema-autonomo-comercial/vendor/laravel/framework/src/Illuminate/Console/Command.php(180): Symfony/Component/Console/Command/Command->run(Object(Symfony/Component/Console/Input/ArgvInput), Object(Illuminate/Console/OutputStyle))
#14 C:/xampp/htdocs/agendan8n/sistema-autonomo-comercial/vendor/symfony/console/Application.php(1117): Illuminate/Console/Command->run(Object(Symfony/Component/Console/Input/ArgvInput), Object(Symfony/Component/Console/Output/ConsoleOutput))
#15 C:/xampp/htdocs/agendan8n/sistema-autonomo-comercial/vendor/symfony/console/Application.php(356): Symfony/Component/Console/Application->doRunCommand(Object(Laravel/Tinker/Console/TinkerCommand), Object(Symfony/Component/Console/Input/ArgvInput), Object(Symfony/Component/Console/Output/ConsoleOutput))
#16 C:/xampp/htdocs/agendan8n/sistema-autonomo-comercial/vendor/symfony/console/Application.php(195): Symfony/Component/Console/Application->doRun(Object(Symfony/Component/Console/Input/ArgvInput), Object(Symfony/Component/Console/Output/ConsoleOutput))
#17 C:/xampp/htdocs/agendan8n/sistema-autonomo-comercial/vendor/laravel/framework/src/Illuminate/Foundation/Console/Kernel.php(198): Symfony/Component/Console/Application->run(Object(Symfony/Component/Console/Input/ArgvInput), Object(Symfony/Component/Console/Output/ConsoleOutput))
#18 C:/xampp/htdocs/agendan8n/sistema-autonomo-comercial/vendor/laravel/framework/src/Illuminate/Foundation/Application.php(1235): Illuminate/Foundation/Console/Kernel->handle(Object(Symfony/Component/Console/Input/ArgvInput), Object(Symfony/Component/Console/Output/ConsoleOutput))
#19 C:/xampp/htdocs/agendan8n/sistema-autonomo-comercial/artisan(16): Illuminate/Foundation/Application->handleCommand(Object(Symfony/Component/Console/Input/ArgvInput))
#20 {main}
"} 
[2026-05-27 14:39:01] local.INFO: AutomationEngine: Stopping further rules propagation because action 'send_whatsapp' was executed for automation ID 1  
[2026-05-27 14:39:02] local.INFO: AutomationEngine: Stopping further rules propagation because action 'send_whatsapp' was executed for automation ID 15  
[2026-05-27 14:39:04] local.INFO: AutomationEngine: Stopping further rules propagation because action 'trigger_n8n' was executed for automation ID 14  
[2026-05-27 14:55:11] local.INFO: AutomationEngine: Stopping further rules propagation because action 'send_whatsapp' was executed for automation ID 1  
[2026-05-27 14:55:12] local.INFO: AutomationEngine: Stopping further rules propagation because action 'send_whatsapp' was executed for automation ID 22  
[2026-05-27 14:55:14] local.INFO: AutomationEngine: Stopping further rules propagation because action 'send_whatsapp' was executed for automation ID 21  
[2026-05-27 14:55:15] local.INFO: AutomationEngine: Stopping further rules propagation because action 'trigger_n8n' was executed for automation ID 24  
[2026-05-28 00:56:59] local.ERROR: PHP Parse error: Syntax error, unexpected T_NS_SEPARATOR on line 1 {"exception":"[object] (Psy\\Exception\\ParseErrorException(code: 0): PHP Parse error: Syntax error, unexpected T_NS_SEPARATOR on line 1 at C:/xampp/htdocs/agendan8n/sistema-autonomo-comercial/vendor/psy/psysh/src/Exception/ParseErrorException.php:44)
[stacktrace]
#0 C:/xampp/htdocs/agendan8n/sistema-autonomo-comercial/vendor/psy/psysh/src/CodeCleaner.php(657): Psy/Exception/ParseErrorException::fromParseError(Object(PhpParser/Error))
#1 C:/xampp/htdocs/agendan8n/sistema-autonomo-comercial/vendor/psy/psysh/src/CodeCleaner.php(273): Psy/CodeCleaner->parse('<?php DB::unpre...', false)
#2 C:/xampp/htdocs/agendan8n/sistema-autonomo-comercial/vendor/psy/psysh/src/Shell.php(1358): Psy/CodeCleaner->clean(Array, false)
#3 C:/xampp/htdocs/agendan8n/sistema-autonomo-comercial/vendor/psy/psysh/src/Shell.php(1465): Psy/Shell->appendCode('DB::unprepared(...', true, false)
#4 C:/xampp/htdocs/agendan8n/sistema-autonomo-comercial/vendor/psy/psysh/src/Shell.php(2173): Psy/Shell->setCode('DB::unprepared(...', true)
#5 C:/xampp/htdocs/agendan8n/sistema-autonomo-comercial/vendor/laravel/tinker/src/Console/TinkerCommand.php(77): Psy/Shell->execute('DB::unprepared(...')
#6 C:/xampp/htdocs/agendan8n/sistema-autonomo-comercial/vendor/laravel/framework/src/Illuminate/Container/BoundMethod.php(36): Laravel/Tinker/Console/TinkerCommand->handle()
#7 C:/xampp/htdocs/agendan8n/sistema-autonomo-comercial/vendor/laravel/framework/src/Illuminate/Container/Util.php(43): Illuminate/Container/BoundMethod::Illuminate/Container/{closure}()
#8 C:/xampp/htdocs/agendan8n/sistema-autonomo-comercial/vendor/laravel/framework/src/Illuminate/Container/BoundMethod.php(96): Illuminate/Container/Util::unwrapIfClosure(Object(Closure))
#9 C:/xampp/htdocs/agendan8n/sistema-autonomo-comercial/vendor/laravel/framework/src/Illuminate/Container/BoundMethod.php(35): Illuminate/Container/BoundMethod::callBoundMethod(Object(Illuminate/Foundation/Application), Array, Object(Closure))
#10 C:/xampp/htdocs/agendan8n/sistema-autonomo-comercial/vendor/laravel/framework/src/Illuminate/Container/Container.php(799): Illuminate/Container/BoundMethod::call(Object(Illuminate/Foundation/Application), Array, Array, NULL)
#11 C:/xampp/htdocs/agendan8n/sistema-autonomo-comercial/vendor/laravel/framework/src/Illuminate/Console/Command.php(211): Illuminate/Container/Container->call(Array)
#12 C:/xampp/htdocs/agendan8n/sistema-autonomo-comercial/vendor/symfony/console/Command/Command.php(341): Illuminate/Console/Command->execute(Object(Symfony/Component/Console/Input/ArgvInput), Object(Illuminate/Console/OutputStyle))
#13 C:/xampp/htdocs/agendan8n/sistema-autonomo-comercial/vendor/laravel/framework/src/Illuminate/Console/Command.php(180): Symfony/Component/Console/Command/Command->run(Object(Symfony/Component/Console/Input/ArgvInput), Object(Illuminate/Console/OutputStyle))
#14 C:/xampp/htdocs/agendan8n/sistema-autonomo-comercial/vendor/symfony/console/Application.php(1117): Illuminate/Console/Command->run(Object(Symfony/Component/Console/Input/ArgvInput), Object(Symfony/Component/Console/Output/ConsoleOutput))
#15 C:/xampp/htdocs/agendan8n/sistema-autonomo-comercial/vendor/symfony/console/Application.php(356): Symfony/Component/Console/Application->doRunCommand(Object(Laravel/Tinker/Console/TinkerCommand), Object(Symfony/Component/Console/Input/ArgvInput), Object(Symfony/Component/Console/Output/ConsoleOutput))
#16 C:/xampp/htdocs/agendan8n/sistema-autonomo-comercial/vendor/symfony/console/Application.php(195): Symfony/Component/Console/Application->doRun(Object(Symfony/Component/Console/Input/ArgvInput), Object(Symfony/Component/Console/Output/ConsoleOutput))
#17 C:/xampp/htdocs/agendan8n/sistema-autonomo-comercial/vendor/laravel/framework/src/Illuminate/Foundation/Console/Kernel.php(198): Symfony/Component/Console/Application->run(Object(Symfony/Component/Console/Input/ArgvInput), Object(Symfony/Component/Console/Output/ConsoleOutput))
#18 C:/xampp/htdocs/agendan8n/sistema-autonomo-comercial/vendor/laravel/framework/src/Illuminate/Foundation/Application.php(1235): Illuminate/Foundation/Console/Kernel->handle(Object(Symfony/Component/Console/Input/ArgvInput), Object(Symfony/Component/Console/Output/ConsoleOutput))
#19 C:/xampp/htdocs/agendan8n/sistema-autonomo-comercial/artisan(16): Illuminate/Foundation/Application->handleCommand(Object(Symfony/Component/Console/Input/ArgvInput))
#20 {main}
"} 
[2026-05-29 14:16:33] local.ERROR: Unable to locate file in Vite manifest: resources/js/Pages/Settings/Automations.jsx. (View: C:\xampp\htdocs\agendan8n\sistema-autonomo-comercial\resources\views\app.blade.php) {"userId":1,"exception":"[object] (Illuminate\\View\\ViewException(code: 0): Unable to locate file in Vite manifest: resources/js/Pages/Settings/Automations.jsx. (View: C:\\xampp\\htdocs\\agendan8n\\sistema-autonomo-comercial\\resources\\views\\app.blade.php) at C:/xampp/htdocs/agendan8n/sistema-autonomo-comercial/vendor/laravel/framework/src/Illuminate/Foundation/Vite.php:999)
[stacktrace]
#0 C:/xampp/htdocs/agendan8n/sistema-autonomo-comercial/vendor/livewire/livewire/src/Mechanisms/ExtendBlade/ExtendedCompilerEngine.php(58): Illuminate/View/Engines/CompilerEngine->handleViewException(Object(Illuminate/Foundation/ViteException), 1)
#1 C:/xampp/htdocs/agendan8n/sistema-autonomo-comercial/vendor/laravel/framework/src/Illuminate/View/Engines/PhpEngine.php(59): Livewire/Mechanisms/ExtendBlade/ExtendedCompilerEngine->handleViewException(Object(Illuminate/Foundation/ViteException), 1)
#2 C:/xampp/htdocs/agendan8n/sistema-autonomo-comercial/vendor/livewire/livewire/src/Mechanisms/ExtendBlade/ExtendedCompilerEngine.php(22): Illuminate/View/Engines/PhpEngine->evaluatePath('C://xampp//htdocs...', Array)
#3 C:/xampp/htdocs/agendan8n/sistema-autonomo-comercial/vendor/laravel/framework/src/Illuminate/View/Engines/CompilerEngine.php(76): Livewire/Mechanisms/ExtendBlade/ExtendedCompilerEngine->evaluatePath('C://xampp//htdocs...', Array)
#4 C:/xampp/htdocs/agendan8n/sistema-autonomo-comercial/vendor/livewire/livewire/src/Mechanisms/ExtendBlade/ExtendedCompilerEngine.php(10): Illuminate/View/Engines/CompilerEngine->get('C://xampp//htdocs...', Array)
#5 C:/xampp/htdocs/agendan8n/sistema-autonomo-comercial/vendor/laravel/framework/src/Illuminate/View/View.php(208): Livewire/Mechanisms/ExtendBlade/ExtendedCompilerEngine->get('C://xampp//htdocs...', Array)
#6 C:/xampp/htdocs/agendan8n/sistema-autonomo-comercial/vendor/laravel/framework/src/Illuminate/View/View.php(191): Illuminate/View/View->getContents()
#7 C:/xampp/htdocs/agendan8n/sistema-autonomo-comercial/vendor/laravel/framework/src/Illuminate/View/View.php(160): Illuminate/View/View->renderContents()
#8 C:/xampp/htdocs/agendan8n/sistema-autonomo-comercial/vendor/laravel/framework/src/Illuminate/Http/Response.php(78): Illuminate/View/View->render()
#9 C:/xampp/htdocs/agendan8n/sistema-autonomo-comercial/vendor/laravel/framework/src/Illuminate/Http/Response.php(34): Illuminate/Http/Response->setContent(Object(Illuminate/View/View))
#10 C:/xampp/htdocs/agendan8n/sistema-autonomo-comercial/vendor/laravel/framework/src/Illuminate/Routing/ResponseFactory.php(61): Illuminate/Http/Response->__construct(Object(Illuminate/View/View), 200, Array)
#11 C:/xampp/htdocs/agendan8n/sistema-autonomo-comercial/vendor/laravel/framework/src/Illuminate/Routing/ResponseFactory.php(91): Illuminate/Routing/ResponseFactory->make(Object(Illuminate/View/View), 200, Array)
#12 C:/xampp/htdocs/agendan8n/sistema-autonomo-comercial/vendor/laravel/framework/src/Illuminate/Support/Facades/Facade.php(363): Illuminate/Routing/ResponseFactory->view('app', Array)
#13 C:/xampp/htdocs/agendan8n/sistema-autonomo-comercial/vendor/inertiajs/inertia-laravel/src/Response.php(219): Illuminate/Support/Facades/Facade::__callStatic('view', Array)
#14 C:/xampp/htdocs/agendan8n/sistema-autonomo-comercial/vendor/laravel/framework/src/Illuminate/Routing/Router.php(921): Inertia/Response->toResponse(Object(Illuminate/Http/Request))
#15 C:/xampp/htdocs/agendan8n/sistema-autonomo-comercial/vendor/laravel/framework/src/Illuminate/Routing/Router.php(906): Illuminate/Routing/Router::toResponse(Object(Illuminate/Http/Request), Object(Inertia/Response))
#16 C:/xampp/htdocs/agendan8n/sistema-autonomo-comercial/vendor/laravel/framework/src/Illuminate/Routing/Router.php(821): Illuminate/Routing/Router->prepareResponse(Object(Illuminate/Http/Request), Object(Inertia/Response))
#17 C:/xampp/htdocs/agendan8n/sistema-autonomo-comercial/vendor/laravel/framework/src/Illuminate/Pipeline/Pipeline.php(180): Illuminate/Routing/Router->Illuminate/Routing/{closure}(Object(Illuminate/Http/Request))
#18 C:/xampp/htdocs/agendan8n/sistema-autonomo-comercial/app/Http/Middleware/EnsureTenantContext.php(50): Illuminate/Pipeline/Pipeline->Illuminate/Pipeline/{closure}(Object(Illuminate/Http/Request))
#19 C:/xampp/htdocs/agendan8n/sistema-autonomo-comercial/vendor/laravel/framework/src/Illuminate/Pipeline/Pipeline.php(219): App/Http/Middleware/EnsureTenantContext->handle(Object(Illuminate/Http/Request), Object(Closure))
#20 C:/xampp/htdocs/agendan8n/sistema-autonomo-comercial/vendor/laravel/framework/src/Illuminate/Auth/Middleware/EnsureEmailIsVerified.php(41): Illuminate/Pipeline/Pipeline->Illuminate/Pipeline/{closure}(Object(Illuminate/Http/Request))
#21 C:/xampp/htdocs/agendan8n/sistema-autonomo-comercial/vendor/laravel/framework/src/Illuminate/Pipeline/Pipeline.php(219): Illuminate/Auth/Middleware/EnsureEmailIsVerified->handle(Object(Illuminate/Http/Request), Object(Closure))
#22 C:/xampp/htdocs/agendan8n/sistema-autonomo-comercial/vendor/laravel/framework/src/Illuminate/Http/Middleware/AddLinkHeadersForPreloadedAssets.php(32): Illuminate/Pipeline/Pipeline->Illuminate/Pipeline/{closure}(Object(Illuminate/Http/Request))
#23 C:/xampp/htdocs/agendan8n/sistema-autonomo-comercial/vendor/laravel/framework/src/Illuminate/Pipeline/Pipeline.php(219): Illuminate/Http/Middleware/AddLinkHeadersForPreloadedAssets->handle(Object(Illuminate/Http/Request), Object(Closure))
#24 C:/xampp/htdocs/agendan8n/sistema-autonomo-comercial/vendor/inertiajs/inertia-laravel/src/Middleware.php(122): Illuminate/Pipeline/Pipeline->Illuminate/Pipeline/{closure}(Object(Illuminate/Http/Request))
#25 C:/xampp/htdocs/agendan8n/sistema-autonomo-comercial/vendor/laravel/framework/src/Illuminate/Pipeline/Pipeline.php(219): Inertia/Middleware->handle(Object(Illuminate/Http/Request), Object(Closure))
#26 C:/xampp/htdocs/agendan8n/sistema-autonomo-comercial/vendor/laravel/framework/src/Illuminate/Routing/Middleware/SubstituteBindings.php(50): Illuminate/Pipeline/Pipeline->Illuminate/Pipeline/{closure}(Object(Illuminate/Http/Request))
#27 C:/xampp/htdocs/agendan8n/sistema-autonomo-comercial/vendor/laravel/framework/src/Illuminate/Pipeline/Pipeline.php(219): Illuminate/Routing/Middleware/SubstituteBindings->handle(Object(Illuminate/Http/Request), Object(Closure))
#28 C:/xampp/htdocs/agendan8n/sistema-autonomo-comercial/vendor/laravel/framework/src/Illuminate/Auth/Middleware/Authenticate.php(63): Illuminate/Pipeline/Pipeline->Illuminate/Pipeline/{closure}(Object(Illuminate/Http/Request))
#29 C:/xampp/htdocs/agendan8n/sistema-autonomo-comercial/vendor/laravel/framework/src/Illuminate/Pipeline/Pipeline.php(219): Illuminate/Auth/Middleware/Authenticate->handle(Object(Illuminate/Http/Request), Object(Closure))
#30 C:/xampp/htdocs/agendan8n/sistema-autonomo-comercial/vendor/laravel/framework/src/Illuminate/Foundation/Http/Middleware/VerifyCsrfToken.php(87): Illuminate/Pipeline/Pipeline->Illuminate/Pipeline/{closure}(Object(Illuminate/Http/Request))
#31 C:/xampp/htdocs/agendan8n/sistema-autonomo-comercial/vendor/laravel/framework/src/Illuminate/Pipeline/Pipeline.php(219): Illuminate/Foundation/Http/Middleware/VerifyCsrfToken->handle(Object(Illuminate/Http/Request), Object(Closure))
#32 C:/xampp/htdocs/agendan8n/sistema-autonomo-comercial/vendor/laravel/framework/src/Illuminate/View/Middleware/ShareErrorsFromSession.php(48): Illuminate/Pipeline/Pipeline->Illuminate/Pipeline/{closure}(Object(Illuminate/Http/Request))
#33 C:/xampp/htdocs/agendan8n/sistema-autonomo-comercial/vendor/laravel/framework/src/Illuminate/Pipeline/Pipeline.php(219): Illuminate/View/Middleware/ShareErrorsFromSession->handle(Object(Illuminate/Http/Request), Object(Closure))
#34 C:/xampp/htdocs/agendan8n/sistema-autonomo-comercial/vendor/laravel/framework/src/Illuminate/Session/Middleware/StartSession.php(120): Illuminate/Pipeline/Pipeline->Illuminate/Pipeline/{closure}(Object(Illuminate/Http/Request))
#35 C:/xampp/htdocs/agendan8n/sistema-autonomo-comercial/vendor/laravel/framework/src/Illuminate/Session/Middleware/StartSession.php(63): Illuminate/Session/Middleware/StartSession->handleStatefulRequest(Object(Illuminate/Http/Request), Object(Illuminate/Session/Store), Object(Closure))
#36 C:/xampp/htdocs/agendan8n/sistema-autonomo-comercial/vendor/laravel/framework/src/Illuminate/Pipeline/Pipeline.php(219): Illuminate/Session/Middleware/StartSession->handle(Object(Illuminate/Http/Request), Object(Closure))
#37 C:/xampp/htdocs/agendan8n/sistema-autonomo-comercial/vendor/laravel/framework/src/Illuminate/Cookie/Middleware/AddQueuedCookiesToResponse.php(36): Illuminate/Pipeline/Pipeline->Illuminate/Pipeline/{closure}(Object(Illuminate/Http/Request))
#38 C:/xampp/htdocs/agendan8n/sistema-autonomo-comercial/vendor/laravel/framework/src/Illuminate/Pipeline/Pipeline.php(219): Illuminate/Cookie/Middleware/AddQueuedCookiesToResponse->handle(Object(Illuminate/Http/Request), Object(Closure))
#39 C:/xampp/htdocs/agendan8n/sistema-autonomo-comercial/vendor/laravel/framework/src/Illuminate/Cookie/Middleware/EncryptCookies.php(74): Illuminate/Pipeline/Pipeline->Illuminate/Pipeline/{closure}(Object(Illuminate/Http/Request))
#40 C:/xampp/htdocs/agendan8n/sistema-autonomo-comercial/vendor/laravel/framework/src/Illuminate/Pipeline/Pipeline.php(219): Illuminate/Cookie/Middleware/EncryptCookies->handle(Object(Illuminate/Http/Request), Object(Closure))
#41 C:/xampp/htdocs/agendan8n/sistema-autonomo-comercial/vendor/laravel/framework/src/Illuminate/Pipeline/Pipeline.php(137): Illuminate/Pipeline/Pipeline->Illuminate/Pipeline/{closure}(Object(Illuminate/Http/Request))
#42 C:/xampp/htdocs/agendan8n/sistema-autonomo-comercial/vendor/laravel/framework/src/Illuminate/Routing/Router.php(821): Illuminate/Pipeline/Pipeline->then(Object(Closure))
#43 C:/xampp/htdocs/agendan8n/sistema-autonomo-comercial/vendor/laravel/framework/src/Illuminate/Routing/Router.php(800): Illuminate/Routing/Router->runRouteWithinStack(Object(Illuminate/Routing/Route), Object(Illuminate/Http/Request))
#44 C:/xampp/htdocs/agendan8n/sistema-autonomo-comercial/vendor/laravel/framework/src/Illuminate/Routing/Router.php(764): Illuminate/Routing/Router->runRoute(Object(Illuminate/Http/Request), Object(Illuminate/Routing/Route))
#45 C:/xampp/htdocs/agendan8n/sistema-autonomo-comercial/vendor/laravel/framework/src/Illuminate/Routing/Router.php(753): Illuminate/Routing/Router->dispatchToRoute(Object(Illuminate/Http/Request))
#46 C:/xampp/htdocs/agendan8n/sistema-autonomo-comercial/vendor/laravel/framework/src/Illuminate/Foundation/Http/Kernel.php(200): Illuminate/Routing/Router->dispatch(Object(Illuminate/Http/Request))
#47 C:/xampp/htdocs/agendan8n/sistema-autonomo-comercial/vendor/laravel/framework/src/Illuminate/Pipeline/Pipeline.php(180): Illuminate/Foundation/Http/Kernel->Illuminate/Foundation/Http/{closure}(Object(Illuminate/Http/Request))
#48 C:/xampp/htdocs/agendan8n/sistema-autonomo-comercial/vendor/livewire/livewire/src/Features/SupportDisablingBackButtonCache/DisableBackButtonCacheMiddleware.php(19): Illuminate/Pipeline/Pipeline->Illuminate/Pipeline/{closure}(Object(Illuminate/Http/Request))
#49 C:/xampp/htdocs/agendan8n/sistema-autonomo-comercial/vendor/laravel/framework/src/Illuminate/Pipeline/Pipeline.php(219): Livewire/Features/SupportDisablingBackButtonCache/DisableBackButtonCacheMiddleware->handle(Object(Illuminate/Http/Request), Object(Closure))
#50 C:/xampp/htdocs/agendan8n/sistema-autonomo-comercial/vendor/laravel/framework/src/Illuminate/Foundation/Http/Middleware/TransformsRequest.php(21): Illuminate/Pipeline/Pipeline->Illuminate/Pipeline/{closure}(Object(Illuminate/Http/Request))
#51 C:/xampp/htdocs/agendan8n/sistema-autonomo-comercial/vendor/laravel/framework/src/Illuminate/Foundation/Http/Middleware/ConvertEmptyStringsToNull.php(31): Illuminate/Foundation/Http/Middleware/TransformsRequest->handle(Object(Illuminate/Http/Request), Object(Closure))
#52 C:/xampp/htdocs/agendan8n/sistema-autonomo-comercial/vendor/laravel/framework/src/Illuminate/Pipeline/Pipeline.php(219): Illuminate/Foundation/Http/Middleware/ConvertEmptyStringsToNull->handle(Object(Illuminate/Http/Request), Object(Closure))
#53 C:/xampp/htdocs/agendan8n/sistema-autonomo-comercial/vendor/laravel/framework/src/Illuminate/Foundation/Http/Middleware/TransformsRequest.php(21): Illuminate/Pipeline/Pipeline->Illuminate/Pipeline/{closure}(Object(Illuminate/Http/Request))
#54 C:/xampp/htdocs/agendan8n/sistema-autonomo-comercial/vendor/laravel/framework/src/Illuminate/Foundation/Http/Middleware/TrimStrings.php(51): Illuminate/Foundation/Http/Middleware/TransformsRequest->handle(Object(Illuminate/Http/Request), Object(Closure))
#55 C:/xampp/htdocs/agendan8n/sistema-autonomo-comercial/vendor/laravel/framework/src/Illuminate/Pipeline/Pipeline.php(219): Illuminate/Foundation/Http/Middleware/TrimStrings->handle(Object(Illuminate/Http/Request), Object(Closure))
#56 C:/xampp/htdocs/agendan8n/sistema-autonomo-comercial/vendor/laravel/framework/src/Illuminate/Http/Middleware/ValidatePostSize.php(27): Illuminate/Pipeline/Pipeline->Illuminate/Pipeline/{closure}(Object(Illuminate/Http/Request))
#57 C:/xampp/htdocs/agendan8n/sistema-autonomo-comercial/vendor/laravel/framework/src/Illuminate/Pipeline/Pipeline.php(219): Illuminate/Http/Middleware/ValidatePostSize->handle(Object(Illuminate/Http/Request), Object(Closure))
#58 C:/xampp/htdocs/agendan8n/sistema-autonomo-comercial/vendor/laravel/framework/src/Illuminate/Foundation/Http/Middleware/PreventRequestsDuringMaintenance.php(109): Illuminate/Pipeline/Pipeline->Illuminate/Pipeline/{closure}(Object(Illuminate/Http/Request))
#59 C:/xampp/htdocs/agendan8n/sistema-autonomo-comercial/vendor/laravel/framework/src/Illuminate/Pipeline/Pipeline.php(219): Illuminate/Foundation/Http/Middleware/PreventRequestsDuringMaintenance->handle(Object(Illuminate/Http/Request), Object(Closure))
#60 C:/xampp/htdocs/agendan8n/sistema-autonomo-comercial/vendor/laravel/framework/src/Illuminate/Http/Middleware/HandleCors.php(61): Illuminate/Pipeline/Pipeline->Illuminate/Pipeline/{closure}(Object(Illuminate/Http/Request))
#61 C:/xampp/htdocs/agendan8n/sistema-autonomo-comercial/vendor/laravel/framework/src/Illuminate/Pipeline/Pipeline.php(219): Illuminate/Http/Middleware/HandleCors->handle(Object(Illuminate/Http/Request), Object(Closure))
#62 C:/xampp/htdocs/agendan8n/sistema-autonomo-comercial/vendor/laravel/framework/src/Illuminate/Http/Middleware/TrustProxies.php(58): Illuminate/Pipeline/Pipeline->Illuminate/Pipeline/{closure}(Object(Illuminate/Http/Request))
#63 C:/xampp/htdocs/agendan8n/sistema-autonomo-comercial/vendor/laravel/framework/src/Illuminate/Pipeline/Pipeline.php(219): Illuminate/Http/Middleware/TrustProxies->handle(Object(Illuminate/Http/Request), Object(Closure))
#64 C:/xampp/htdocs/agendan8n/sistema-autonomo-comercial/vendor/laravel/framework/src/Illuminate/Foundation/Http/Middleware/InvokeDeferredCallbacks.php(22): Illuminate/Pipeline/Pipeline->Illuminate/Pipeline/{closure}(Object(Illuminate/Http/Request))
#65 C:/xampp/htdocs/agendan8n/sistema-autonomo-comercial/vendor/laravel/framework/src/Illuminate/Pipeline/Pipeline.php(219): Illuminate/Foundation/Http/Middleware/InvokeDeferredCallbacks->handle(Object(Illuminate/Http/Request), Object(Closure))
#66 C:/xampp/htdocs/agendan8n/sistema-autonomo-comercial/vendor/laravel/framework/src/Illuminate/Http/Middleware/ValidatePathEncoding.php(26): Illuminate/Pipeline/Pipeline->Illuminate/Pipeline/{closure}(Object(Illuminate/Http/Request))
#67 C:/xampp/htdocs/agendan8n/sistema-autonomo-comercial/vendor/laravel/framework/src/Illuminate/Pipeline/Pipeline.php(219): Illuminate/Http/Middleware/ValidatePathEncoding->handle(Object(Illuminate/Http/Request), Object(Closure))
#68 C:/xampp/htdocs/agendan8n/sistema-autonomo-comercial/vendor/laravel/framework/src/Illuminate/Pipeline/Pipeline.php(137): Illuminate/Pipeline/Pipeline->Illuminate/Pipeline/{closure}(Object(Illuminate/Http/Request))
#69 C:/xampp/htdocs/agendan8n/sistema-autonomo-comercial/vendor/laravel/framework/src/Illuminate/Foundation/Http/Kernel.php(175): Illuminate/Pipeline/Pipeline->then(Object(Closure))
#70 C:/xampp/htdocs/agendan8n/sistema-autonomo-comercial/vendor/laravel/framework/src/Illuminate/Foundation/Http/Kernel.php(144): Illuminate/Foundation/Http/Kernel->sendRequestThroughRouter(Object(Illuminate/Http/Request))
#71 C:/xampp/htdocs/agendan8n/sistema-autonomo-comercial/vendor/laravel/framework/src/Illuminate/Foundation/Application.php(1220): Illuminate/Foundation/Http/Kernel->handle(Object(Illuminate/Http/Request))
#72 C:/xampp/htdocs/agendan8n/sistema-autonomo-comercial/public/index.php(20): Illuminate/Foundation/Application->handleRequest(Object(Illuminate/Http/Request))
#73 C:/xampp/htdocs/agendan8n/sistema-autonomo-comercial/vendor/laravel/framework/src/Illuminate/Foundation/resources/server.php(23): require_once('C://xampp//htdocs...')
#74 {main}

[previous exception] [object] (Illuminate\\Foundation\\ViteException(code: 0): Unable to locate file in Vite manifest: resources/js/Pages/Settings/Automations.jsx. at C:/xampp/htdocs/agendan8n/sistema-autonomo-comercial/vendor/laravel/framework/src/Illuminate/Foundation/Vite.php:999)
[stacktrace]
#0 C:/xampp/htdocs/agendan8n/sistema-autonomo-comercial/vendor/laravel/framework/src/Illuminate/Foundation/Vite.php(390): Illuminate/Foundation/Vite->chunk(Array, 'resources/js/Pa...')
#1 C:/xampp/htdocs/agendan8n/sistema-autonomo-comercial/storage/framework/views/0ae3194d834c29ba2ef1fa60593a3ce5.php(16): Illuminate/Foundation/Vite->__invoke(Object(Illuminate/Support/Collection))
#2 C:/xampp/htdocs/agendan8n/sistema-autonomo-comercial/vendor/laravel/framework/src/Illuminate/Filesystem/Filesystem.php(123): require('C://xampp//htdocs...')
#3 C:/xampp/htdocs/agendan8n/sistema-autonomo-comercial/vendor/laravel/framework/src/Illuminate/Filesystem/Filesystem.php(124): Illuminate/Filesystem/Filesystem::Illuminate/Filesystem/{closure}()
#4 C:/xampp/htdocs/agendan8n/sistema-autonomo-comercial/vendor/laravel/framework/src/Illuminate/View/Engines/PhpEngine.php(57): Illuminate/Filesystem/Filesystem->getRequire('C://xampp//htdocs...', Array)
#5 C:/xampp/htdocs/agendan8n/sistema-autonomo-comercial/vendor/livewire/livewire/src/Mechanisms/ExtendBlade/ExtendedCompilerEngine.php(22): Illuminate/View/Engines/PhpEngine->evaluatePath('C://xampp//htdocs...', Array)
#6 C:/xampp/htdocs/agendan8n/sistema-autonomo-comercial/vendor/laravel/framework/src/Illuminate/View/Engines/CompilerEngine.php(76): Livewire/Mechanisms/ExtendBlade/ExtendedCompilerEngine->evaluatePath('C://xampp//htdocs...', Array)
#7 C:/xampp/htdocs/agendan8n/sistema-autonomo-comercial/vendor/livewire/livewire/src/Mechanisms/ExtendBlade/ExtendedCompilerEngine.php(10): Illuminate/View/Engines/CompilerEngine->get('C://xampp//htdocs...', Array)
#8 C:/xampp/htdocs/agendan8n/sistema-autonomo-comercial/vendor/laravel/framework/src/Illuminate/View/View.php(208): Livewire/Mechanisms/ExtendBlade/ExtendedCompilerEngine->get('C://xampp//htdocs...', Array)
#9 C:/xampp/htdocs/agendan8n/sistema-autonomo-comercial/vendor/laravel/framework/src/Illuminate/View/View.php(191): Illuminate/View/View->getContents()
#10 C:/xampp/htdocs/agendan8n/sistema-autonomo-comercial/vendor/laravel/framework/src/Illuminate/View/View.php(160): Illuminate/View/View->renderContents()
#11 C:/xampp/htdocs/agendan8n/sistema-autonomo-comercial/vendor/laravel/framework/src/Illuminate/Http/Response.php(78): Illuminate/View/View->render()
#12 C:/xampp/htdocs/agendan8n/sistema-autonomo-comercial/vendor/laravel/framework/src/Illuminate/Http/Response.php(34): Illuminate/Http/Response->setContent(Object(Illuminate/View/View))
#13 C:/xampp/htdocs/agendan8n/sistema-autonomo-comercial/vendor/laravel/framework/src/Illuminate/Routing/ResponseFactory.php(61): Illuminate/Http/Response->__construct(Object(Illuminate/View/View), 200, Array)
#14 C:/xampp/htdocs/agendan8n/sistema-autonomo-comercial/vendor/laravel/framework/src/Illuminate/Routing/ResponseFactory.php(91): Illuminate/Routing/ResponseFactory->make(Object(Illuminate/View/View), 200, Array)
#15 C:/xampp/htdocs/agendan8n/sistema-autonomo-comercial/vendor/laravel/framework/src/Illuminate/Support/Facades/Facade.php(363): Illuminate/Routing/ResponseFactory->view('app', Array)
#16 C:/xampp/htdocs/agendan8n/sistema-autonomo-comercial/vendor/inertiajs/inertia-laravel/src/Response.php(219): Illuminate/Support/Facades/Facade::__callStatic('view', Array)
#17 C:/xampp/htdocs/agendan8n/sistema-autonomo-comercial/vendor/laravel/framework/src/Illuminate/Routing/Router.php(921): Inertia/Response->toResponse(Object(Illuminate/Http/Request))
#18 C:/xampp/htdocs/agendan8n/sistema-autonomo-comercial/vendor/laravel/framework/src/Illuminate/Routing/Router.php(906): Illuminate/Routing/Router::toResponse(Object(Illuminate/Http/Request), Object(Inertia/Response))
#19 C:/xampp/htdocs/agendan8n/sistema-autonomo-comercial/vendor/laravel/framework/src/Illuminate/Routing/Router.php(821): Illuminate/Routing/Router->prepareResponse(Object(Illuminate/Http/Request), Object(Inertia/Response))
#20 C:/xampp/htdocs/agendan8n/sistema-autonomo-comercial/vendor/laravel/framework/src/Illuminate/Pipeline/Pipeline.php(180): Illuminate/Routing/Router->Illuminate/Routing/{closure}(Object(Illuminate/Http/Request))
#21 C:/xampp/htdocs/agendan8n/sistema-autonomo-comercial/app/Http/Middleware/EnsureTenantContext.php(50): Illuminate/Pipeline/Pipeline->Illuminate/Pipeline/{closure}(Object(Illuminate/Http/Request))
#22 C:/xampp/htdocs/agendan8n/sistema-autonomo-comercial/vendor/laravel/framework/src/Illuminate/Pipeline/Pipeline.php(219): App/Http/Middleware/EnsureTenantContext->handle(Object(Illuminate/Http/Request), Object(Closure))
#23 C:/xampp/htdocs/agendan8n/sistema-autonomo-comercial/vendor/laravel/framework/src/Illuminate/Auth/Middleware/EnsureEmailIsVerified.php(41): Illuminate/Pipeline/Pipeline->Illuminate/Pipeline/{closure}(Object(Illuminate/Http/Request))
#24 C:/xampp/htdocs/agendan8n/sistema-autonomo-comercial/vendor/laravel/framework/src/Illuminate/Pipeline/Pipeline.php(219): Illuminate/Auth/Middleware/EnsureEmailIsVerified->handle(Object(Illuminate/Http/Request), Object(Closure))
#25 C:/xampp/htdocs/agendan8n/sistema-autonomo-comercial/vendor/laravel/framework/src/Illuminate/Http/Middleware/AddLinkHeadersForPreloadedAssets.php(32): Illuminate/Pipeline/Pipeline->Illuminate/Pipeline/{closure}(Object(Illuminate/Http/Request))
#26 C:/xampp/htdocs/agendan8n/sistema-autonomo-comercial/vendor/laravel/framework/src/Illuminate/Pipeline/Pipeline.php(219): Illuminate/Http/Middleware/AddLinkHeadersForPreloadedAssets->handle(Object(Illuminate/Http/Request), Object(Closure))
#27 C:/xampp/htdocs/agendan8n/sistema-autonomo-comercial/vendor/inertiajs/inertia-laravel/src/Middleware.php(122): Illuminate/Pipeline/Pipeline->Illuminate/Pipeline/{closure}(Object(Illuminate/Http/Request))
#28 C:/xampp/htdocs/agendan8n/sistema-autonomo-comercial/vendor/laravel/framework/src/Illuminate/Pipeline/Pipeline.php(219): Inertia/Middleware->handle(Object(Illuminate/Http/Request), Object(Closure))
#29 C:/xampp/htdocs/agendan8n/sistema-autonomo-comercial/vendor/laravel/framework/src/Illuminate/Routing/Middleware/SubstituteBindings.php(50): Illuminate/Pipeline/Pipeline->Illuminate/Pipeline/{closure}(Object(Illuminate/Http/Request))
#30 C:/xampp/htdocs/agendan8n/sistema-autonomo-comercial/vendor/laravel/framework/src/Illuminate/Pipeline/Pipeline.php(219): Illuminate/Routing/Middleware/SubstituteBindings->handle(Object(Illuminate/Http/Request), Object(Closure))
#31 C:/xampp/htdocs/agendan8n/sistema-autonomo-comercial/vendor/laravel/framework/src/Illuminate/Auth/Middleware/Authenticate.php(63): Illuminate/Pipeline/Pipeline->Illuminate/Pipeline/{closure}(Object(Illuminate/Http/Request))
#32 C:/xampp/htdocs/agendan8n/sistema-autonomo-comercial/vendor/laravel/framework/src/Illuminate/Pipeline/Pipeline.php(219): Illuminate/Auth/Middleware/Authenticate->handle(Object(Illuminate/Http/Request), Object(Closure))
#33 C:/xampp/htdocs/agendan8n/sistema-autonomo-comercial/vendor/laravel/framework/src/Illuminate/Foundation/Http/Middleware/VerifyCsrfToken.php(87): Illuminate/Pipeline/Pipeline->Illuminate/Pipeline/{closure}(Object(Illuminate/Http/Request))
#34 C:/xampp/htdocs/agendan8n/sistema-autonomo-comercial/vendor/laravel/framework/src/Illuminate/Pipeline/Pipeline.php(219): Illuminate/Foundation/Http/Middleware/VerifyCsrfToken->handle(Object(Illuminate/Http/Request), Object(Closure))
#35 C:/xampp/htdocs/agendan8n/sistema-autonomo-comercial/vendor/laravel/framework/src/Illuminate/View/Middleware/ShareErrorsFromSession.php(48): Illuminate/Pipeline/Pipeline->Illuminate/Pipeline/{closure}(Object(Illuminate/Http/Request))
#36 C:/xampp/htdocs/agendan8n/sistema-autonomo-comercial/vendor/laravel/framework/src/Illuminate/Pipeline/Pipeline.php(219): Illuminate/View/Middleware/ShareErrorsFromSession->handle(Object(Illuminate/Http/Request), Object(Closure))
#37 C:/xampp/htdocs/agendan8n/sistema-autonomo-comercial/vendor/laravel/framework/src/Illuminate/Session/Middleware/StartSession.php(120): Illuminate/Pipeline/Pipeline->Illuminate/Pipeline/{closure}(Object(Illuminate/Http/Request))
#38 C:/xampp/htdocs/agendan8n/sistema-autonomo-comercial/vendor/laravel/framework/src/Illuminate/Session/Middleware/StartSession.php(63): Illuminate/Session/Middleware/StartSession->handleStatefulRequest(Object(Illuminate/Http/Request), Object(Illuminate/Session/Store), Object(Closure))
#39 C:/xampp/htdocs/agendan8n/sistema-autonomo-comercial/vendor/laravel/framework/src/Illuminate/Pipeline/Pipeline.php(219): Illuminate/Session/Middleware/StartSession->handle(Object(Illuminate/Http/Request), Object(Closure))
#40 C:/xampp/htdocs/agendan8n/sistema-autonomo-comercial/vendor/laravel/framework/src/Illuminate/Cookie/Middleware/AddQueuedCookiesToResponse.php(36): Illuminate/Pipeline/Pipeline->Illuminate/Pipeline/{closure}(Object(Illuminate/Http/Request))
#41 C:/xampp/htdocs/agendan8n/sistema-autonomo-comercial/vendor/laravel/framework/src/Illuminate/Pipeline/Pipeline.php(219): Illuminate/Cookie/Middleware/AddQueuedCookiesToResponse->handle(Object(Illuminate/Http/Request), Object(Closure))
#42 C:/xampp/htdocs/agendan8n/sistema-autonomo-comercial/vendor/laravel/framework/src/Illuminate/Cookie/Middleware/EncryptCookies.php(74): Illuminate/Pipeline/Pipeline->Illuminate/Pipeline/{closure}(Object(Illuminate/Http/Request))
#43 C:/xampp/htdocs/agendan8n/sistema-autonomo-comercial/vendor/laravel/framework/src/Illuminate/Pipeline/Pipeline.php(219): Illuminate/Cookie/Middleware/EncryptCookies->handle(Object(Illuminate/Http/Request), Object(Closure))
#44 C:/xampp/htdocs/agendan8n/sistema-autonomo-comercial/vendor/laravel/framework/src/Illuminate/Pipeline/Pipeline.php(137): Illuminate/Pipeline/Pipeline->Illuminate/Pipeline/{closure}(Object(Illuminate/Http/Request))
#45 C:/xampp/htdocs/agendan8n/sistema-autonomo-comercial/vendor/laravel/framework/src/Illuminate/Routing/Router.php(821): Illuminate/Pipeline/Pipeline->then(Object(Closure))
#46 C:/xampp/htdocs/agendan8n/sistema-autonomo-comercial/vendor/laravel/framework/src/Illuminate/Routing/Router.php(800): Illuminate/Routing/Router->runRouteWithinStack(Object(Illuminate/Routing/Route), Object(Illuminate/Http/Request))
#47 C:/xampp/htdocs/agendan8n/sistema-autonomo-comercial/vendor/laravel/framework/src/Illuminate/Routing/Router.php(764): Illuminate/Routing/Router->runRoute(Object(Illuminate/Http/Request), Object(Illuminate/Routing/Route))
#48 C:/xampp/htdocs/agendan8n/sistema-autonomo-comercial/vendor/laravel/framework/src/Illuminate/Routing/Router.php(753): Illuminate/Routing/Router->dispatchToRoute(Object(Illuminate/Http/Request))
#49 C:/xampp/htdocs/agendan8n/sistema-autonomo-comercial/vendor/laravel/framework/src/Illuminate/Foundation/Http/Kernel.php(200): Illuminate/Routing/Router->dispatch(Object(Illuminate/Http/Request))
#50 C:/xampp/htdocs/agendan8n/sistema-autonomo-comercial/vendor/laravel/framework/src/Illuminate/Pipeline/Pipeline.php(180): Illuminate/Foundation/Http/Kernel->Illuminate/Foundation/Http/{closure}(Object(Illuminate/Http/Request))
#51 C:/xampp/htdocs/agendan8n/sistema-autonomo-comercial/vendor/livewire/livewire/src/Features/SupportDisablingBackButtonCache/DisableBackButtonCacheMiddleware.php(19): Illuminate/Pipeline/Pipeline->Illuminate/Pipeline/{closure}(Object(Illuminate/Http/Request))
#52 C:/xampp/htdocs/agendan8n/sistema-autonomo-comercial/vendor/laravel/framework/src/Illuminate/Pipeline/Pipeline.php(219): Livewire/Features/SupportDisablingBackButtonCache/DisableBackButtonCacheMiddleware->handle(Object(Illuminate/Http/Request), Object(Closure))
#53 C:/xampp/htdocs/agendan8n/sistema-autonomo-comercial/vendor/laravel/framework/src/Illuminate/Foundation/Http/Middleware/TransformsRequest.php(21): Illuminate/Pipeline/Pipeline->Illuminate/Pipeline/{closure}(Object(Illuminate/Http/Request))
#54 C:/xampp/htdocs/agendan8n/sistema-autonomo-comercial/vendor/laravel/framework/src/Illuminate/Foundation/Http/Middleware/ConvertEmptyStringsToNull.php(31): Illuminate/Foundation/Http/Middleware/TransformsRequest->handle(Object(Illuminate/Http/Request), Object(Closure))
#55 C:/xampp/htdocs/agendan8n/sistema-autonomo-comercial/vendor/laravel/framework/src/Illuminate/Pipeline/Pipeline.php(219): Illuminate/Foundation/Http/Middleware/ConvertEmptyStringsToNull->handle(Object(Illuminate/Http/Request), Object(Closure))
#56 C:/xampp/htdocs/agendan8n/sistema-autonomo-comercial/vendor/laravel/framework/src/Illuminate/Foundation/Http/Middleware/TransformsRequest.php(21): Illuminate/Pipeline/Pipeline->Illuminate/Pipeline/{closure}(Object(Illuminate/Http/Request))
#57 C:/xampp/htdocs/agendan8n/sistema-autonomo-comercial/vendor/laravel/framework/src/Illuminate/Foundation/Http/Middleware/TrimStrings.php(51): Illuminate/Foundation/Http/Middleware/TransformsRequest->handle(Object(Illuminate/Http/Request), Object(Closure))
#58 C:/xampp/htdocs/agendan8n/sistema-autonomo-comercial/vendor/laravel/framework/src/Illuminate/Pipeline/Pipeline.php(219): Illuminate/Foundation/Http/Middleware/TrimStrings->handle(Object(Illuminate/Http/Request), Object(Closure))
#59 C:/xampp/htdocs/agendan8n/sistema-autonomo-comercial/vendor/laravel/framework/src/Illuminate/Http/Middleware/ValidatePostSize.php(27): Illuminate/Pipeline/Pipeline->Illuminate/Pipeline/{closure}(Object(Illuminate/Http/Request))
#60 C:/xampp/htdocs/agendan8n/sistema-autonomo-comercial/vendor/laravel/framework/src/Illuminate/Pipeline/Pipeline.php(219): Illuminate/Http/Middleware/ValidatePostSize->handle(Object(Illuminate/Http/Request), Object(Closure))
#61 C:/xampp/htdocs/agendan8n/sistema-autonomo-comercial/vendor/laravel/framework/src/Illuminate/Foundation/Http/Middleware/PreventRequestsDuringMaintenance.php(109): Illuminate/Pipeline/Pipeline->Illuminate/Pipeline/{closure}(Object(Illuminate/Http/Request))
#62 C:/xampp/htdocs/agendan8n/sistema-autonomo-comercial/vendor/laravel/framework/src/Illuminate/Pipeline/Pipeline.php(219): Illuminate/Foundation/Http/Middleware/PreventRequestsDuringMaintenance->handle(Object(Illuminate/Http/Request), Object(Closure))
#63 C:/xampp/htdocs/agendan8n/sistema-autonomo-comercial/vendor/laravel/framework/src/Illuminate/Http/Middleware/HandleCors.php(61): Illuminate/Pipeline/Pipeline->Illuminate/Pipeline/{closure}(Object(Illuminate/Http/Request))
#64 C:/xampp/htdocs/agendan8n/sistema-autonomo-comercial/vendor/laravel/framework/src/Illuminate/Pipeline/Pipeline.php(219): Illuminate/Http/Middleware/HandleCors->handle(Object(Illuminate/Http/Request), Object(Closure))
#65 C:/xampp/htdocs/agendan8n/sistema-autonomo-comercial/vendor/laravel/framework/src/Illuminate/Http/Middleware/TrustProxies.php(58): Illuminate/Pipeline/Pipeline->Illuminate/Pipeline/{closure}(Object(Illuminate/Http/Request))
#66 C:/xampp/htdocs/agendan8n/sistema-autonomo-comercial/vendor/laravel/framework/src/Illuminate/Pipeline/Pipeline.php(219): Illuminate/Http/Middleware/TrustProxies->handle(Object(Illuminate/Http/Request), Object(Closure))
#67 C:/xampp/htdocs/agendan8n/sistema-autonomo-comercial/vendor/laravel/framework/src/Illuminate/Foundation/Http/Middleware/InvokeDeferredCallbacks.php(22): Illuminate/Pipeline/Pipeline->Illuminate/Pipeline/{closure}(Object(Illuminate/Http/Request))
#68 C:/xampp/htdocs/agendan8n/sistema-autonomo-comercial/vendor/laravel/framework/src/Illuminate/Pipeline/Pipeline.php(219): Illuminate/Foundation/Http/Middleware/InvokeDeferredCallbacks->handle(Object(Illuminate/Http/Request), Object(Closure))
#69 C:/xampp/htdocs/agendan8n/sistema-autonomo-comercial/vendor/laravel/framework/src/Illuminate/Http/Middleware/ValidatePathEncoding.php(26): Illuminate/Pipeline/Pipeline->Illuminate/Pipeline/{closure}(Object(Illuminate/Http/Request))
#70 C:/xampp/htdocs/agendan8n/sistema-autonomo-comercial/vendor/laravel/framework/src/Illuminate/Pipeline/Pipeline.php(219): Illuminate/Http/Middleware/ValidatePathEncoding->handle(Object(Illuminate/Http/Request), Object(Closure))
#71 C:/xampp/htdocs/agendan8n/sistema-autonomo-comercial/vendor/laravel/framework/src/Illuminate/Pipeline/Pipeline.php(137): Illuminate/Pipeline/Pipeline->Illuminate/Pipeline/{closure}(Object(Illuminate/Http/Request))
#72 C:/xampp/htdocs/agendan8n/sistema-autonomo-comercial/vendor/laravel/framework/src/Illuminate/Foundation/Http/Kernel.php(175): Illuminate/Pipeline/Pipeline->then(Object(Closure))
#73 C:/xampp/htdocs/agendan8n/sistema-autonomo-comercial/vendor/laravel/framework/src/Illuminate/Foundation/Http/Kernel.php(144): Illuminate/Foundation/Http/Kernel->sendRequestThroughRouter(Object(Illuminate/Http/Request))
#74 C:/xampp/htdocs/agendan8n/sistema-autonomo-comercial/vendor/laravel/framework/src/Illuminate/Foundation/Application.php(1220): Illuminate/Foundation/Http/Kernel->handle(Object(Illuminate/Http/Request))
#75 C:/xampp/htdocs/agendan8n/sistema-autonomo-comercial/public/index.php(20): Illuminate/Foundation/Application->handleRequest(Object(Illuminate/Http/Request))
#76 C:/xampp/htdocs/agendan8n/sistema-autonomo-comercial/vendor/laravel/framework/src/Illuminate/Foundation/resources/server.php(23): require_once('C://xampp//htdocs...')
#77 {main}
"} 
[2026-05-29 14:17:34] local.ERROR: Unable to locate file in Vite manifest: resources/js/Pages/Settings/Automations.jsx. (View: C:\xampp\htdocs\agendan8n\sistema-autonomo-comercial\resources\views\app.blade.php) {"userId":1,"exception":"[object] (Illuminate\\View\\ViewException(code: 0): Unable to locate file in Vite manifest: resources/js/Pages/Settings/Automations.jsx. (View: C:\\xampp\\htdocs\\agendan8n\\sistema-autonomo-comercial\\resources\\views\\app.blade.php) at C:/xampp/htdocs/agendan8n/sistema-autonomo-comercial/vendor/laravel/framework/src/Illuminate/Foundation/Vite.php:999)
[stacktrace]
#0 C:/xampp/htdocs/agendan8n/sistema-autonomo-comercial/vendor/livewire/livewire/src/Mechanisms/ExtendBlade/ExtendedCompilerEngine.php(58): Illuminate/View/Engines/CompilerEngine->handleViewException(Object(Illuminate/Foundation/ViteException), 1)
#1 C:/xampp/htdocs/agendan8n/sistema-autonomo-comercial/vendor/laravel/framework/src/Illuminate/View/Engines/PhpEngine.php(59): Livewire/Mechanisms/ExtendBlade/ExtendedCompilerEngine->handleViewException(Object(Illuminate/Foundation/ViteException), 1)
#2 C:/xampp/htdocs/agendan8n/sistema-autonomo-comercial/vendor/livewire/livewire/src/Mechanisms/ExtendBlade/ExtendedCompilerEngine.php(22): Illuminate/View/Engines/PhpEngine->evaluatePath('C://xampp//htdocs...', Array)
#3 C:/xampp/htdocs/agendan8n/sistema-autonomo-comercial/vendor/laravel/framework/src/Illuminate/View/Engines/CompilerEngine.php(76): Livewire/Mechanisms/ExtendBlade/ExtendedCompilerEngine->evaluatePath('C://xampp//htdocs...', Array)
#4 C:/xampp/htdocs/agendan8n/sistema-autonomo-comercial/vendor/livewire/livewire/src/Mechanisms/ExtendBlade/ExtendedCompilerEngine.php(10): Illuminate/View/Engines/CompilerEngine->get('C://xampp//htdocs...', Array)
#5 C:/xampp/htdocs/agendan8n/sistema-autonomo-comercial/vendor/laravel/framework/src/Illuminate/View/View.php(208): Livewire/Mechanisms/ExtendBlade/ExtendedCompilerEngine->get('C://xampp//htdocs...', Array)
#6 C:/xampp/htdocs/agendan8n/sistema-autonomo-comercial/vendor/laravel/framework/src/Illuminate/View/View.php(191): Illuminate/View/View->getContents()
#7 C:/xampp/htdocs/agendan8n/sistema-autonomo-comercial/vendor/laravel/framework/src/Illuminate/View/View.php(160): Illuminate/View/View->renderContents()
#8 C:/xampp/htdocs/agendan8n/sistema-autonomo-comercial/vendor/laravel/framework/src/Illuminate/Http/Response.php(78): Illuminate/View/View->render()
#9 C:/xampp/htdocs/agendan8n/sistema-autonomo-comercial/vendor/laravel/framework/src/Illuminate/Http/Response.php(34): Illuminate/Http/Response->setContent(Object(Illuminate/View/View))
#10 C:/xampp/htdocs/agendan8n/sistema-autonomo-comercial/vendor/laravel/framework/src/Illuminate/Routing/ResponseFactory.php(61): Illuminate/Http/Response->__construct(Object(Illuminate/View/View), 200, Array)
#11 C:/xampp/htdocs/agendan8n/sistema-autonomo-comercial/vendor/laravel/framework/src/Illuminate/Routing/ResponseFactory.php(91): Illuminate/Routing/ResponseFactory->make(Object(Illuminate/View/View), 200, Array)
#12 C:/xampp/htdocs/agendan8n/sistema-autonomo-comercial/vendor/laravel/framework/src/Illuminate/Support/Facades/Facade.php(363): Illuminate/Routing/ResponseFactory->view('app', Array)
#13 C:/xampp/htdocs/agendan8n/sistema-autonomo-comercial/vendor/inertiajs/inertia-laravel/src/Response.php(219): Illuminate/Support/Facades/Facade::__callStatic('view', Array)
#14 C:/xampp/htdocs/agendan8n/sistema-autonomo-comercial/vendor/laravel/framework/src/Illuminate/Routing/Router.php(921): Inertia/Response->toResponse(Object(Illuminate/Http/Request))
#15 C:/xampp/htdocs/agendan8n/sistema-autonomo-comercial/vendor/laravel/framework/src/Illuminate/Routing/Router.php(906): Illuminate/Routing/Router::toResponse(Object(Illuminate/Http/Request), Object(Inertia/Response))
#16 C:/xampp/htdocs/agendan8n/sistema-autonomo-comercial/vendor/laravel/framework/src/Illuminate/Routing/Router.php(821): Illuminate/Routing/Router->prepareResponse(Object(Illuminate/Http/Request), Object(Inertia/Response))
#17 C:/xampp/htdocs/agendan8n/sistema-autonomo-comercial/vendor/laravel/framework/src/Illuminate/Pipeline/Pipeline.php(180): Illuminate/Routing/Router->Illuminate/Routing/{closure}(Object(Illuminate/Http/Request))
#18 C:/xampp/htdocs/agendan8n/sistema-autonomo-comercial/app/Http/Middleware/EnsureTenantContext.php(50): Illuminate/Pipeline/Pipeline->Illuminate/Pipeline/{closure}(Object(Illuminate/Http/Request))
#19 C:/xampp/htdocs/agendan8n/sistema-autonomo-comercial/vendor/laravel/framework/src/Illuminate/Pipeline/Pipeline.php(219): App/Http/Middleware/EnsureTenantContext->handle(Object(Illuminate/Http/Request), Object(Closure))
#20 C:/xampp/htdocs/agendan8n/sistema-autonomo-comercial/vendor/laravel/framework/src/Illuminate/Auth/Middleware/EnsureEmailIsVerified.php(41): Illuminate/Pipeline/Pipeline->Illuminate/Pipeline/{closure}(Object(Illuminate/Http/Request))
#21 C:/xampp/htdocs/agendan8n/sistema-autonomo-comercial/vendor/laravel/framework/src/Illuminate/Pipeline/Pipeline.php(219): Illuminate/Auth/Middleware/EnsureEmailIsVerified->handle(Object(Illuminate/Http/Request), Object(Closure))
#22 C:/xampp/htdocs/agendan8n/sistema-autonomo-comercial/vendor/laravel/framework/src/Illuminate/Http/Middleware/AddLinkHeadersForPreloadedAssets.php(32): Illuminate/Pipeline/Pipeline->Illuminate/Pipeline/{closure}(Object(Illuminate/Http/Request))
#23 C:/xampp/htdocs/agendan8n/sistema-autonomo-comercial/vendor/laravel/framework/src/Illuminate/Pipeline/Pipeline.php(219): Illuminate/Http/Middleware/AddLinkHeadersForPreloadedAssets->handle(Object(Illuminate/Http/Request), Object(Closure))
#24 C:/xampp/htdocs/agendan8n/sistema-autonomo-comercial/vendor/inertiajs/inertia-laravel/src/Middleware.php(122): Illuminate/Pipeline/Pipeline->Illuminate/Pipeline/{closure}(Object(Illuminate/Http/Request))
#25 C:/xampp/htdocs/agendan8n/sistema-autonomo-comercial/vendor/laravel/framework/src/Illuminate/Pipeline/Pipeline.php(219): Inertia/Middleware->handle(Object(Illuminate/Http/Request), Object(Closure))
#26 C:/xampp/htdocs/agendan8n/sistema-autonomo-comercial/vendor/laravel/framework/src/Illuminate/Routing/Middleware/SubstituteBindings.php(50): Illuminate/Pipeline/Pipeline->Illuminate/Pipeline/{closure}(Object(Illuminate/Http/Request))
#27 C:/xampp/htdocs/agendan8n/sistema-autonomo-comercial/vendor/laravel/framework/src/Illuminate/Pipeline/Pipeline.php(219): Illuminate/Routing/Middleware/SubstituteBindings->handle(Object(Illuminate/Http/Request), Object(Closure))
#28 C:/xampp/htdocs/agendan8n/sistema-autonomo-comercial/vendor/laravel/framework/src/Illuminate/Auth/Middleware/Authenticate.php(63): Illuminate/Pipeline/Pipeline->Illuminate/Pipeline/{closure}(Object(Illuminate/Http/Request))
#29 C:/xampp/htdocs/agendan8n/sistema-autonomo-comercial/vendor/laravel/framework/src/Illuminate/Pipeline/Pipeline.php(219): Illuminate/Auth/Middleware/Authenticate->handle(Object(Illuminate/Http/Request), Object(Closure))
#30 C:/xampp/htdocs/agendan8n/sistema-autonomo-comercial/vendor/laravel/framework/src/Illuminate/Foundation/Http/Middleware/VerifyCsrfToken.php(87): Illuminate/Pipeline/Pipeline->Illuminate/Pipeline/{closure}(Object(Illuminate/Http/Request))
#31 C:/xampp/htdocs/agendan8n/sistema-autonomo-comercial/vendor/laravel/framework/src/Illuminate/Pipeline/Pipeline.php(219): Illuminate/Foundation/Http/Middleware/VerifyCsrfToken->handle(Object(Illuminate/Http/Request), Object(Closure))
#32 C:/xampp/htdocs/agendan8n/sistema-autonomo-comercial/vendor/laravel/framework/src/Illuminate/View/Middleware/ShareErrorsFromSession.php(48): Illuminate/Pipeline/Pipeline->Illuminate/Pipeline/{closure}(Object(Illuminate/Http/Request))
#33 C:/xampp/htdocs/agendan8n/sistema-autonomo-comercial/vendor/laravel/framework/src/Illuminate/Pipeline/Pipeline.php(219): Illuminate/View/Middleware/ShareErrorsFromSession->handle(Object(Illuminate/Http/Request), Object(Closure))
#34 C:/xampp/htdocs/agendan8n/sistema-autonomo-comercial/vendor/laravel/framework/src/Illuminate/Session/Middleware/StartSession.php(120): Illuminate/Pipeline/Pipeline->Illuminate/Pipeline/{closure}(Object(Illuminate/Http/Request))
#35 C:/xampp/htdocs/agendan8n/sistema-autonomo-comercial/vendor/laravel/framework/src/Illuminate/Session/Middleware/StartSession.php(63): Illuminate/Session/Middleware/StartSession->handleStatefulRequest(Object(Illuminate/Http/Request), Object(Illuminate/Session/Store), Object(Closure))
#36 C:/xampp/htdocs/agendan8n/sistema-autonomo-comercial/vendor/laravel/framework/src/Illuminate/Pipeline/Pipeline.php(219): Illuminate/Session/Middleware/StartSession->handle(Object(Illuminate/Http/Request), Object(Closure))
#37 C:/xampp/htdocs/agendan8n/sistema-autonomo-comercial/vendor/laravel/framework/src/Illuminate/Cookie/Middleware/AddQueuedCookiesToResponse.php(36): Illuminate/Pipeline/Pipeline->Illuminate/Pipeline/{closure}(Object(Illuminate/Http/Request))
#38 C:/xampp/htdocs/agendan8n/sistema-autonomo-comercial/vendor/laravel/framework/src/Illuminate/Pipeline/Pipeline.php(219): Illuminate/Cookie/Middleware/AddQueuedCookiesToResponse->handle(Object(Illuminate/Http/Request), Object(Closure))
#39 C:/xampp/htdocs/agendan8n/sistema-autonomo-comercial/vendor/laravel/framework/src/Illuminate/Cookie/Middleware/EncryptCookies.php(74): Illuminate/Pipeline/Pipeline->Illuminate/Pipeline/{closure}(Object(Illuminate/Http/Request))
#40 C:/xampp/htdocs/agendan8n/sistema-autonomo-comercial/vendor/laravel/framework/src/Illuminate/Pipeline/Pipeline.php(219): Illuminate/Cookie/Middleware/EncryptCookies->handle(Object(Illuminate/Http/Request), Object(Closure))
#41 C:/xampp/htdocs/agendan8n/sistema-autonomo-comercial/vendor/laravel/framework/src/Illuminate/Pipeline/Pipeline.php(137): Illuminate/Pipeline/Pipeline->Illuminate/Pipeline/{closure}(Object(Illuminate/Http/Request))
#42 C:/xampp/htdocs/agendan8n/sistema-autonomo-comercial/vendor/laravel/framework/src/Illuminate/Routing/Router.php(821): Illuminate/Pipeline/Pipeline->then(Object(Closure))
#43 C:/xampp/htdocs/agendan8n/sistema-autonomo-comercial/vendor/laravel/framework/src/Illuminate/Routing/Router.php(800): Illuminate/Routing/Router->runRouteWithinStack(Object(Illuminate/Routing/Route), Object(Illuminate/Http/Request))
#44 C:/xampp/htdocs/agendan8n/sistema-autonomo-comercial/vendor/laravel/framework/src/Illuminate/Routing/Router.php(764): Illuminate/Routing/Router->runRoute(Object(Illuminate/Http/Request), Object(Illuminate/Routing/Route))
#45 C:/xampp/htdocs/agendan8n/sistema-autonomo-comercial/vendor/laravel/framework/src/Illuminate/Routing/Router.php(753): Illuminate/Routing/Router->dispatchToRoute(Object(Illuminate/Http/Request))
#46 C:/xampp/htdocs/agendan8n/sistema-autonomo-comercial/vendor/laravel/framework/src/Illuminate/Foundation/Http/Kernel.php(200): Illuminate/Routing/Router->dispatch(Object(Illuminate/Http/Request))
#47 C:/xampp/htdocs/agendan8n/sistema-autonomo-comercial/vendor/laravel/framework/src/Illuminate/Pipeline/Pipeline.php(180): Illuminate/Foundation/Http/Kernel->Illuminate/Foundation/Http/{closure}(Object(Illuminate/Http/Request))
#48 C:/xampp/htdocs/agendan8n/sistema-autonomo-comercial/vendor/livewire/livewire/src/Features/SupportDisablingBackButtonCache/DisableBackButtonCacheMiddleware.php(19): Illuminate/Pipeline/Pipeline->Illuminate/Pipeline/{closure}(Object(Illuminate/Http/Request))
#49 C:/xampp/htdocs/agendan8n/sistema-autonomo-comercial/vendor/laravel/framework/src/Illuminate/Pipeline/Pipeline.php(219): Livewire/Features/SupportDisablingBackButtonCache/DisableBackButtonCacheMiddleware->handle(Object(Illuminate/Http/Request), Object(Closure))
#50 C:/xampp/htdocs/agendan8n/sistema-autonomo-comercial/vendor/laravel/framework/src/Illuminate/Foundation/Http/Middleware/TransformsRequest.php(21): Illuminate/Pipeline/Pipeline->Illuminate/Pipeline/{closure}(Object(Illuminate/Http/Request))
#51 C:/xampp/htdocs/agendan8n/sistema-autonomo-comercial/vendor/laravel/framework/src/Illuminate/Foundation/Http/Middleware/ConvertEmptyStringsToNull.php(31): Illuminate/Foundation/Http/Middleware/TransformsRequest->handle(Object(Illuminate/Http/Request), Object(Closure))
#52 C:/xampp/htdocs/agendan8n/sistema-autonomo-comercial/vendor/laravel/framework/src/Illuminate/Pipeline/Pipeline.php(219): Illuminate/Foundation/Http/Middleware/ConvertEmptyStringsToNull->handle(Object(Illuminate/Http/Request), Object(Closure))
#53 C:/xampp/htdocs/agendan8n/sistema-autonomo-comercial/vendor/laravel/framework/src/Illuminate/Foundation/Http/Middleware/TransformsRequest.php(21): Illuminate/Pipeline/Pipeline->Illuminate/Pipeline/{closure}(Object(Illuminate/Http/Request))
#54 C:/xampp/htdocs/agendan8n/sistema-autonomo-comercial/vendor/laravel/framework/src/Illuminate/Foundation/Http/Middleware/TrimStrings.php(51): Illuminate/Foundation/Http/Middleware/TransformsRequest->handle(Object(Illuminate/Http/Request), Object(Closure))
#55 C:/xampp/htdocs/agendan8n/sistema-autonomo-comercial/vendor/laravel/framework/src/Illuminate/Pipeline/Pipeline.php(219): Illuminate/Foundation/Http/Middleware/TrimStrings->handle(Object(Illuminate/Http/Request), Object(Closure))
#56 C:/xampp/htdocs/agendan8n/sistema-autonomo-comercial/vendor/laravel/framework/src/Illuminate/Http/Middleware/ValidatePostSize.php(27): Illuminate/Pipeline/Pipeline->Illuminate/Pipeline/{closure}(Object(Illuminate/Http/Request))
#57 C:/xampp/htdocs/agendan8n/sistema-autonomo-comercial/vendor/laravel/framework/src/Illuminate/Pipeline/Pipeline.php(219): Illuminate/Http/Middleware/ValidatePostSize->handle(Object(Illuminate/Http/Request), Object(Closure))
#58 C:/xampp/htdocs/agendan8n/sistema-autonomo-comercial/vendor/laravel/framework/src/Illuminate/Foundation/Http/Middleware/PreventRequestsDuringMaintenance.php(109): Illuminate/Pipeline/Pipeline->Illuminate/Pipeline/{closure}(Object(Illuminate/Http/Request))
#59 C:/xampp/htdocs/agendan8n/sistema-autonomo-comercial/vendor/laravel/framework/src/Illuminate/Pipeline/Pipeline.php(219): Illuminate/Foundation/Http/Middleware/PreventRequestsDuringMaintenance->handle(Object(Illuminate/Http/Request), Object(Closure))
#60 C:/xampp/htdocs/agendan8n/sistema-autonomo-comercial/vendor/laravel/framework/src/Illuminate/Http/Middleware/HandleCors.php(61): Illuminate/Pipeline/Pipeline->Illuminate/Pipeline/{closure}(Object(Illuminate/Http/Request))
#61 C:/xampp/htdocs/agendan8n/sistema-autonomo-comercial/vendor/laravel/framework/src/Illuminate/Pipeline/Pipeline.php(219): Illuminate/Http/Middleware/HandleCors->handle(Object(Illuminate/Http/Request), Object(Closure))
#62 C:/xampp/htdocs/agendan8n/sistema-autonomo-comercial/vendor/laravel/framework/src/Illuminate/Http/Middleware/TrustProxies.php(58): Illuminate/Pipeline/Pipeline->Illuminate/Pipeline/{closure}(Object(Illuminate/Http/Request))
#63 C:/xampp/htdocs/agendan8n/sistema-autonomo-comercial/vendor/laravel/framework/src/Illuminate/Pipeline/Pipeline.php(219): Illuminate/Http/Middleware/TrustProxies->handle(Object(Illuminate/Http/Request), Object(Closure))
#64 C:/xampp/htdocs/agendan8n/sistema-autonomo-comercial/vendor/laravel/framework/src/Illuminate/Foundation/Http/Middleware/InvokeDeferredCallbacks.php(22): Illuminate/Pipeline/Pipeline->Illuminate/Pipeline/{closure}(Object(Illuminate/Http/Request))
#65 C:/xampp/htdocs/agendan8n/sistema-autonomo-comercial/vendor/laravel/framework/src/Illuminate/Pipeline/Pipeline.php(219): Illuminate/Foundation/Http/Middleware/InvokeDeferredCallbacks->handle(Object(Illuminate/Http/Request), Object(Closure))
#66 C:/xampp/htdocs/agendan8n/sistema-autonomo-comercial/vendor/laravel/framework/src/Illuminate/Http/Middleware/ValidatePathEncoding.php(26): Illuminate/Pipeline/Pipeline->Illuminate/Pipeline/{closure}(Object(Illuminate/Http/Request))
#67 C:/xampp/htdocs/agendan8n/sistema-autonomo-comercial/vendor/laravel/framework/src/Illuminate/Pipeline/Pipeline.php(219): Illuminate/Http/Middleware/ValidatePathEncoding->handle(Object(Illuminate/Http/Request), Object(Closure))
#68 C:/xampp/htdocs/agendan8n/sistema-autonomo-comercial/vendor/laravel/framework/src/Illuminate/Pipeline/Pipeline.php(137): Illuminate/Pipeline/Pipeline->Illuminate/Pipeline/{closure}(Object(Illuminate/Http/Request))
#69 C:/xampp/htdocs/agendan8n/sistema-autonomo-comercial/vendor/laravel/framework/src/Illuminate/Foundation/Http/Kernel.php(175): Illuminate/Pipeline/Pipeline->then(Object(Closure))
#70 C:/xampp/htdocs/agendan8n/sistema-autonomo-comercial/vendor/laravel/framework/src/Illuminate/Foundation/Http/Kernel.php(144): Illuminate/Foundation/Http/Kernel->sendRequestThroughRouter(Object(Illuminate/Http/Request))
#71 C:/xampp/htdocs/agendan8n/sistema-autonomo-comercial/vendor/laravel/framework/src/Illuminate/Foundation/Application.php(1220): Illuminate/Foundation/Http/Kernel->handle(Object(Illuminate/Http/Request))
#72 C:/xampp/htdocs/agendan8n/sistema-autonomo-comercial/public/index.php(20): Illuminate/Foundation/Application->handleRequest(Object(Illuminate/Http/Request))
#73 C:/xampp/htdocs/agendan8n/sistema-autonomo-comercial/vendor/laravel/framework/src/Illuminate/Foundation/resources/server.php(23): require_once('C://xampp//htdocs...')
#74 {main}

[previous exception] [object] (Illuminate\\Foundation\\ViteException(code: 0): Unable to locate file in Vite manifest: resources/js/Pages/Settings/Automations.jsx. at C:/xampp/htdocs/agendan8n/sistema-autonomo-comercial/vendor/laravel/framework/src/Illuminate/Foundation/Vite.php:999)
[stacktrace]
#0 C:/xampp/htdocs/agendan8n/sistema-autonomo-comercial/vendor/laravel/framework/src/Illuminate/Foundation/Vite.php(390): Illuminate/Foundation/Vite->chunk(Array, 'resources/js/Pa...')
#1 C:/xampp/htdocs/agendan8n/sistema-autonomo-comercial/storage/framework/views/0ae3194d834c29ba2ef1fa60593a3ce5.php(16): Illuminate/Foundation/Vite->__invoke(Object(Illuminate/Support/Collection))
#2 C:/xampp/htdocs/agendan8n/sistema-autonomo-comercial/vendor/laravel/framework/src/Illuminate/Filesystem/Filesystem.php(123): require('C://xampp//htdocs...')
#3 C:/xampp/htdocs/agendan8n/sistema-autonomo-comercial/vendor/laravel/framework/src/Illuminate/Filesystem/Filesystem.php(124): Illuminate/Filesystem/Filesystem::Illuminate/Filesystem/{closure}()
#4 C:/xampp/htdocs/agendan8n/sistema-autonomo-comercial/vendor/laravel/framework/src/Illuminate/View/Engines/PhpEngine.php(57): Illuminate/Filesystem/Filesystem->getRequire('C://xampp//htdocs...', Array)
#5 C:/xampp/htdocs/agendan8n/sistema-autonomo-comercial/vendor/livewire/livewire/src/Mechanisms/ExtendBlade/ExtendedCompilerEngine.php(22): Illuminate/View/Engines/PhpEngine->evaluatePath('C://xampp//htdocs...', Array)
#6 C:/xampp/htdocs/agendan8n/sistema-autonomo-comercial/vendor/laravel/framework/src/Illuminate/View/Engines/CompilerEngine.php(76): Livewire/Mechanisms/ExtendBlade/ExtendedCompilerEngine->evaluatePath('C://xampp//htdocs...', Array)
#7 C:/xampp/htdocs/agendan8n/sistema-autonomo-comercial/vendor/livewire/livewire/src/Mechanisms/ExtendBlade/ExtendedCompilerEngine.php(10): Illuminate/View/Engines/CompilerEngine->get('C://xampp//htdocs...', Array)
#8 C:/xampp/htdocs/agendan8n/sistema-autonomo-comercial/vendor/laravel/framework/src/Illuminate/View/View.php(208): Livewire/Mechanisms/ExtendBlade/ExtendedCompilerEngine->get('C://xampp//htdocs...', Array)
#9 C:/xampp/htdocs/agendan8n/sistema-autonomo-comercial/vendor/laravel/framework/src/Illuminate/View/View.php(191): Illuminate/View/View->getContents()
#10 C:/xampp/htdocs/agendan8n/sistema-autonomo-comercial/vendor/laravel/framework/src/Illuminate/View/View.php(160): Illuminate/View/View->renderContents()
#11 C:/xampp/htdocs/agendan8n/sistema-autonomo-comercial/vendor/laravel/framework/src/Illuminate/Http/Response.php(78): Illuminate/View/View->render()
#12 C:/xampp/htdocs/agendan8n/sistema-autonomo-comercial/vendor/laravel/framework/src/Illuminate/Http/Response.php(34): Illuminate/Http/Response->setContent(Object(Illuminate/View/View))
#13 C:/xampp/htdocs/agendan8n/sistema-autonomo-comercial/vendor/laravel/framework/src/Illuminate/Routing/ResponseFactory.php(61): Illuminate/Http/Response->__construct(Object(Illuminate/View/View), 200, Array)
#14 C:/xampp/htdocs/agendan8n/sistema-autonomo-comercial/vendor/laravel/framework/src/Illuminate/Routing/ResponseFactory.php(91): Illuminate/Routing/ResponseFactory->make(Object(Illuminate/View/View), 200, Array)
#15 C:/xampp/htdocs/agendan8n/sistema-autonomo-comercial/vendor/laravel/framework/src/Illuminate/Support/Facades/Facade.php(363): Illuminate/Routing/ResponseFactory->view('app', Array)
#16 C:/xampp/htdocs/agendan8n/sistema-autonomo-comercial/vendor/inertiajs/inertia-laravel/src/Response.php(219): Illuminate/Support/Facades/Facade::__callStatic('view', Array)
#17 C:/xampp/htdocs/agendan8n/sistema-autonomo-comercial/vendor/laravel/framework/src/Illuminate/Routing/Router.php(921): Inertia/Response->toResponse(Object(Illuminate/Http/Request))
#18 C:/xampp/htdocs/agendan8n/sistema-autonomo-comercial/vendor/laravel/framework/src/Illuminate/Routing/Router.php(906): Illuminate/Routing/Router::toResponse(Object(Illuminate/Http/Request), Object(Inertia/Response))
#19 C:/xampp/htdocs/agendan8n/sistema-autonomo-comercial/vendor/laravel/framework/src/Illuminate/Routing/Router.php(821): Illuminate/Routing/Router->prepareResponse(Object(Illuminate/Http/Request), Object(Inertia/Response))
#20 C:/xampp/htdocs/agendan8n/sistema-autonomo-comercial/vendor/laravel/framework/src/Illuminate/Pipeline/Pipeline.php(180): Illuminate/Routing/Router->Illuminate/Routing/{closure}(Object(Illuminate/Http/Request))
#21 C:/xampp/htdocs/agendan8n/sistema-autonomo-comercial/app/Http/Middleware/EnsureTenantContext.php(50): Illuminate/Pipeline/Pipeline->Illuminate/Pipeline/{closure}(Object(Illuminate/Http/Request))
#22 C:/xampp/htdocs/agendan8n/sistema-autonomo-comercial/vendor/laravel/framework/src/Illuminate/Pipeline/Pipeline.php(219): App/Http/Middleware/EnsureTenantContext->handle(Object(Illuminate/Http/Request), Object(Closure))
#23 C:/xampp/htdocs/agendan8n/sistema-autonomo-comercial/vendor/laravel/framework/src/Illuminate/Auth/Middleware/EnsureEmailIsVerified.php(41): Illuminate/Pipeline/Pipeline->Illuminate/Pipeline/{closure}(Object(Illuminate/Http/Request))
#24 C:/xampp/htdocs/agendan8n/sistema-autonomo-comercial/vendor/laravel/framework/src/Illuminate/Pipeline/Pipeline.php(219): Illuminate/Auth/Middleware/EnsureEmailIsVerified->handle(Object(Illuminate/Http/Request), Object(Closure))
#25 C:/xampp/htdocs/agendan8n/sistema-autonomo-comercial/vendor/laravel/framework/src/Illuminate/Http/Middleware/AddLinkHeadersForPreloadedAssets.php(32): Illuminate/Pipeline/Pipeline->Illuminate/Pipeline/{closure}(Object(Illuminate/Http/Request))
#26 C:/xampp/htdocs/agendan8n/sistema-autonomo-comercial/vendor/laravel/framework/src/Illuminate/Pipeline/Pipeline.php(219): Illuminate/Http/Middleware/AddLinkHeadersForPreloadedAssets->handle(Object(Illuminate/Http/Request), Object(Closure))
#27 C:/xampp/htdocs/agendan8n/sistema-autonomo-comercial/vendor/inertiajs/inertia-laravel/src/Middleware.php(122): Illuminate/Pipeline/Pipeline->Illuminate/Pipeline/{closure}(Object(Illuminate/Http/Request))
#28 C:/xampp/htdocs/agendan8n/sistema-autonomo-comercial/vendor/laravel/framework/src/Illuminate/Pipeline/Pipeline.php(219): Inertia/Middleware->handle(Object(Illuminate/Http/Request), Object(Closure))
#29 C:/xampp/htdocs/agendan8n/sistema-autonomo-comercial/vendor/laravel/framework/src/Illuminate/Routing/Middleware/SubstituteBindings.php(50): Illuminate/Pipeline/Pipeline->Illuminate/Pipeline/{closure}(Object(Illuminate/Http/Request))
#30 C:/xampp/htdocs/agendan8n/sistema-autonomo-comercial/vendor/laravel/framework/src/Illuminate/Pipeline/Pipeline.php(219): Illuminate/Routing/Middleware/SubstituteBindings->handle(Object(Illuminate/Http/Request), Object(Closure))
#31 C:/xampp/htdocs/agendan8n/sistema-autonomo-comercial/vendor/laravel/framework/src/Illuminate/Auth/Middleware/Authenticate.php(63): Illuminate/Pipeline/Pipeline->Illuminate/Pipeline/{closure}(Object(Illuminate/Http/Request))
#32 C:/xampp/htdocs/agendan8n/sistema-autonomo-comercial/vendor/laravel/framework/src/Illuminate/Pipeline/Pipeline.php(219): Illuminate/Auth/Middleware/Authenticate->handle(Object(Illuminate/Http/Request), Object(Closure))
#33 C:/xampp/htdocs/agendan8n/sistema-autonomo-comercial/vendor/laravel/framework/src/Illuminate/Foundation/Http/Middleware/VerifyCsrfToken.php(87): Illuminate/Pipeline/Pipeline->Illuminate/Pipeline/{closure}(Object(Illuminate/Http/Request))
#34 C:/xampp/htdocs/agendan8n/sistema-autonomo-comercial/vendor/laravel/framework/src/Illuminate/Pipeline/Pipeline.php(219): Illuminate/Foundation/Http/Middleware/VerifyCsrfToken->handle(Object(Illuminate/Http/Request), Object(Closure))
#35 C:/xampp/htdocs/agendan8n/sistema-autonomo-comercial/vendor/laravel/framework/src/Illuminate/View/Middleware/ShareErrorsFromSession.php(48): Illuminate/Pipeline/Pipeline->Illuminate/Pipeline/{closure}(Object(Illuminate/Http/Request))
#36 C:/xampp/htdocs/agendan8n/sistema-autonomo-comercial/vendor/laravel/framework/src/Illuminate/Pipeline/Pipeline.php(219): Illuminate/View/Middleware/ShareErrorsFromSession->handle(Object(Illuminate/Http/Request), Object(Closure))
#37 C:/xampp/htdocs/agendan8n/sistema-autonomo-comercial/vendor/laravel/framework/src/Illuminate/Session/Middleware/StartSession.php(120): Illuminate/Pipeline/Pipeline->Illuminate/Pipeline/{closure}(Object(Illuminate/Http/Request))
#38 C:/xampp/htdocs/agendan8n/sistema-autonomo-comercial/vendor/laravel/framework/src/Illuminate/Session/Middleware/StartSession.php(63): Illuminate/Session/Middleware/StartSession->handleStatefulRequest(Object(Illuminate/Http/Request), Object(Illuminate/Session/Store), Object(Closure))
#39 C:/xampp/htdocs/agendan8n/sistema-autonomo-comercial/vendor/laravel/framework/src/Illuminate/Pipeline/Pipeline.php(219): Illuminate/Session/Middleware/StartSession->handle(Object(Illuminate/Http/Request), Object(Closure))
#40 C:/xampp/htdocs/agendan8n/sistema-autonomo-comercial/vendor/laravel/framework/src/Illuminate/Cookie/Middleware/AddQueuedCookiesToResponse.php(36): Illuminate/Pipeline/Pipeline->Illuminate/Pipeline/{closure}(Object(Illuminate/Http/Request))
#41 C:/xampp/htdocs/agendan8n/sistema-autonomo-comercial/vendor/laravel/framework/src/Illuminate/Pipeline/Pipeline.php(219): Illuminate/Cookie/Middleware/AddQueuedCookiesToResponse->handle(Object(Illuminate/Http/Request), Object(Closure))
#42 C:/xampp/htdocs/agendan8n/sistema-autonomo-comercial/vendor/laravel/framework/src/Illuminate/Cookie/Middleware/EncryptCookies.php(74): Illuminate/Pipeline/Pipeline->Illuminate/Pipeline/{closure}(Object(Illuminate/Http/Request))
#43 C:/xampp/htdocs/agendan8n/sistema-autonomo-comercial/vendor/laravel/framework/src/Illuminate/Pipeline/Pipeline.php(219): Illuminate/Cookie/Middleware/EncryptCookies->handle(Object(Illuminate/Http/Request), Object(Closure))
#44 C:/xampp/htdocs/agendan8n/sistema-autonomo-comercial/vendor/laravel/framework/src/Illuminate/Pipeline/Pipeline.php(137): Illuminate/Pipeline/Pipeline->Illuminate/Pipeline/{closure}(Object(Illuminate/Http/Request))
#45 C:/xampp/htdocs/agendan8n/sistema-autonomo-comercial/vendor/laravel/framework/src/Illuminate/Routing/Router.php(821): Illuminate/Pipeline/Pipeline->then(Object(Closure))
#46 C:/xampp/htdocs/agendan8n/sistema-autonomo-comercial/vendor/laravel/framework/src/Illuminate/Routing/Router.php(800): Illuminate/Routing/Router->runRouteWithinStack(Object(Illuminate/Routing/Route), Object(Illuminate/Http/Request))
#47 C:/xampp/htdocs/agendan8n/sistema-autonomo-comercial/vendor/laravel/framework/src/Illuminate/Routing/Router.php(764): Illuminate/Routing/Router->runRoute(Object(Illuminate/Http/Request), Object(Illuminate/Routing/Route))
#48 C:/xampp/htdocs/agendan8n/sistema-autonomo-comercial/vendor/laravel/framework/src/Illuminate/Routing/Router.php(753): Illuminate/Routing/Router->dispatchToRoute(Object(Illuminate/Http/Request))
#49 C:/xampp/htdocs/agendan8n/sistema-autonomo-comercial/vendor/laravel/framework/src/Illuminate/Foundation/Http/Kernel.php(200): Illuminate/Routing/Router->dispatch(Object(Illuminate/Http/Request))
#50 C:/xampp/htdocs/agendan8n/sistema-autonomo-comercial/vendor/laravel/framework/src/Illuminate/Pipeline/Pipeline.php(180): Illuminate/Foundation/Http/Kernel->Illuminate/Foundation/Http/{closure}(Object(Illuminate/Http/Request))
#51 C:/xampp/htdocs/agendan8n/sistema-autonomo-comercial/vendor/livewire/livewire/src/Features/SupportDisablingBackButtonCache/DisableBackButtonCacheMiddleware.php(19): Illuminate/Pipeline/Pipeline->Illuminate/Pipeline/{closure}(Object(Illuminate/Http/Request))
#52 C:/xampp/htdocs/agendan8n/sistema-autonomo-comercial/vendor/laravel/framework/src/Illuminate/Pipeline/Pipeline.php(219): Livewire/Features/SupportDisablingBackButtonCache/DisableBackButtonCacheMiddleware->handle(Object(Illuminate/Http/Request), Object(Closure))
#53 C:/xampp/htdocs/agendan8n/sistema-autonomo-comercial/vendor/laravel/framework/src/Illuminate/Foundation/Http/Middleware/TransformsRequest.php(21): Illuminate/Pipeline/Pipeline->Illuminate/Pipeline/{closure}(Object(Illuminate/Http/Request))
#54 C:/xampp/htdocs/agendan8n/sistema-autonomo-comercial/vendor/laravel/framework/src/Illuminate/Foundation/Http/Middleware/ConvertEmptyStringsToNull.php(31): Illuminate/Foundation/Http/Middleware/TransformsRequest->handle(Object(Illuminate/Http/Request), Object(Closure))
#55 C:/xampp/htdocs/agendan8n/sistema-autonomo-comercial/vendor/laravel/framework/src/Illuminate/Pipeline/Pipeline.php(219): Illuminate/Foundation/Http/Middleware/ConvertEmptyStringsToNull->handle(Object(Illuminate/Http/Request), Object(Closure))
#56 C:/xampp/htdocs/agendan8n/sistema-autonomo-comercial/vendor/laravel/framework/src/Illuminate/Foundation/Http/Middleware/TransformsRequest.php(21): Illuminate/Pipeline/Pipeline->Illuminate/Pipeline/{closure}(Object(Illuminate/Http/Request))
#57 C:/xampp/htdocs/agendan8n/sistema-autonomo-comercial/vendor/laravel/framework/src/Illuminate/Foundation/Http/Middleware/TrimStrings.php(51): Illuminate/Foundation/Http/Middleware/TransformsRequest->handle(Object(Illuminate/Http/Request), Object(Closure))
#58 C:/xampp/htdocs/agendan8n/sistema-autonomo-comercial/vendor/laravel/framework/src/Illuminate/Pipeline/Pipeline.php(219): Illuminate/Foundation/Http/Middleware/TrimStrings->handle(Object(Illuminate/Http/Request), Object(Closure))
#59 C:/xampp/htdocs/agendan8n/sistema-autonomo-comercial/vendor/laravel/framework/src/Illuminate/Http/Middleware/ValidatePostSize.php(27): Illuminate/Pipeline/Pipeline->Illuminate/Pipeline/{closure}(Object(Illuminate/Http/Request))
#60 C:/xampp/htdocs/agendan8n/sistema-autonomo-comercial/vendor/laravel/framework/src/Illuminate/Pipeline/Pipeline.php(219): Illuminate/Http/Middleware/ValidatePostSize->handle(Object(Illuminate/Http/Request), Object(Closure))
#61 C:/xampp/htdocs/agendan8n/sistema-autonomo-comercial/vendor/laravel/framework/src/Illuminate/Foundation/Http/Middleware/PreventRequestsDuringMaintenance.php(109): Illuminate/Pipeline/Pipeline->Illuminate/Pipeline/{closure}(Object(Illuminate/Http/Request))
#62 C:/xampp/htdocs/agendan8n/sistema-autonomo-comercial/vendor/laravel/framework/src/Illuminate/Pipeline/Pipeline.php(219): Illuminate/Foundation/Http/Middleware/PreventRequestsDuringMaintenance->handle(Object(Illuminate/Http/Request), Object(Closure))
#63 C:/xampp/htdocs/agendan8n/sistema-autonomo-comercial/vendor/laravel/framework/src/Illuminate/Http/Middleware/HandleCors.php(61): Illuminate/Pipeline/Pipeline->Illuminate/Pipeline/{closure}(Object(Illuminate/Http/Request))
#64 C:/xampp/htdocs/agendan8n/sistema-autonomo-comercial/vendor/laravel/framework/src/Illuminate/Pipeline/Pipeline.php(219): Illuminate/Http/Middleware/HandleCors->handle(Object(Illuminate/Http/Request), Object(Closure))
#65 C:/xampp/htdocs/agendan8n/sistema-autonomo-comercial/vendor/laravel/framework/src/Illuminate/Http/Middleware/TrustProxies.php(58): Illuminate/Pipeline/Pipeline->Illuminate/Pipeline/{closure}(Object(Illuminate/Http/Request))
#66 C:/xampp/htdocs/agendan8n/sistema-autonomo-comercial/vendor/laravel/framework/src/Illuminate/Pipeline/Pipeline.php(219): Illuminate/Http/Middleware/TrustProxies->handle(Object(Illuminate/Http/Request), Object(Closure))
#67 C:/xampp/htdocs/agendan8n/sistema-autonomo-comercial/vendor/laravel/framework/src/Illuminate/Foundation/Http/Middleware/InvokeDeferredCallbacks.php(22): Illuminate/Pipeline/Pipeline->Illuminate/Pipeline/{closure}(Object(Illuminate/Http/Request))
#68 C:/xampp/htdocs/agendan8n/sistema-autonomo-comercial/vendor/laravel/framework/src/Illuminate/Pipeline/Pipeline.php(219): Illuminate/Foundation/Http/Middleware/InvokeDeferredCallbacks->handle(Object(Illuminate/Http/Request), Object(Closure))
#69 C:/xampp/htdocs/agendan8n/sistema-autonomo-comercial/vendor/laravel/framework/src/Illuminate/Http/Middleware/ValidatePathEncoding.php(26): Illuminate/Pipeline/Pipeline->Illuminate/Pipeline/{closure}(Object(Illuminate/Http/Request))
#70 C:/xampp/htdocs/agendan8n/sistema-autonomo-comercial/vendor/laravel/framework/src/Illuminate/Pipeline/Pipeline.php(219): Illuminate/Http/Middleware/ValidatePathEncoding->handle(Object(Illuminate/Http/Request), Object(Closure))
#71 C:/xampp/htdocs/agendan8n/sistema-autonomo-comercial/vendor/laravel/framework/src/Illuminate/Pipeline/Pipeline.php(137): Illuminate/Pipeline/Pipeline->Illuminate/Pipeline/{closure}(Object(Illuminate/Http/Request))
#72 C:/xampp/htdocs/agendan8n/sistema-autonomo-comercial/vendor/laravel/framework/src/Illuminate/Foundation/Http/Kernel.php(175): Illuminate/Pipeline/Pipeline->then(Object(Closure))
#73 C:/xampp/htdocs/agendan8n/sistema-autonomo-comercial/vendor/laravel/framework/src/Illuminate/Foundation/Http/Kernel.php(144): Illuminate/Foundation/Http/Kernel->sendRequestThroughRouter(Object(Illuminate/Http/Request))
#74 C:/xampp/htdocs/agendan8n/sistema-autonomo-comercial/vendor/laravel/framework/src/Illuminate/Foundation/Application.php(1220): Illuminate/Foundation/Http/Kernel->handle(Object(Illuminate/Http/Request))
#75 C:/xampp/htdocs/agendan8n/sistema-autonomo-comercial/public/index.php(20): Illuminate/Foundation/Application->handleRequest(Object(Illuminate/Http/Request))
#76 C:/xampp/htdocs/agendan8n/sistema-autonomo-comercial/vendor/laravel/framework/src/Illuminate/Foundation/resources/server.php(23): require_once('C://xampp//htdocs...')
#77 {main}
"} 
[2026-05-29 16:53:43] local.INFO: AutomationEngine: Stopping further rules propagation because action 'send_whatsapp' was executed for automation ID 1  
[2026-05-29 16:53:52] local.INFO: AutomationEngine: Stopping further rules propagation because action 'send_whatsapp' was executed for automation ID 1  
